Date,Water Delivery - City of St. Petersburg,Water Delivery - Pinellas County,Water Delivery - City of Tampa (Uniform),Water Delivery - Hillsborough County,Water Delivery - Pasco County,Water Delivery - City of New Port Richey,Water Delivery - Uniform Sales Total,Fixed Water Sales - City of St. Petersburg,Fixed Water Sales - Pinellas County,Fixed Water Sales - City of Tampa (Uniform),Fixed Water Sales - Hillsborough County,Fixed Water Sales - Pasco County,Fixed Water Sales - City of New Port Richey,Variable Water Sales - City of St. Petersburg,Variable Water Sales - Pinellas County,Variable Water Sales - City of Tampa (Uniform),Variable Water Sales - Hillsborough County,Variable Water Sales - Pasco County,Variable Water Sales - City of New Port Richey,TBC Delivery - City of Tampa,TBC Sales - City of Tampa,Year,Month,Fiscal Year
2009-10-31 00:00:00,874.48,1701.5,0.0,1526.78,725.32,69.33,4897.41,1556578.71,3218045.76,718850.02,2633594.2,1294046.59,133268.17,541652.91,1053909.1,0.0,945687.53,449263.21,42943.0,30.16,4735.12,2009,10,2010
2009-11-30 00:00:00,823.88,1655.89,0.0,1425.24,687.02,80.88,4672.910000000001,1556578.71,3218045.76,718850.02,2633594.2,1294046.59,133268.17,510311.27,1025658.27,0.0,882793.66,425540.19,50097.07,563.45,88461.65000000001,2009,11,2010
2009-12-31 00:00:00,816.28,1617.29,0.0,1316.51,614.87,77.08,4442.03,1556578.71,3218045.76,718850.02,2633594.2,1294046.59,133268.17,505603.83,1001749.43,0.0,815446.29,380850.48,47743.35,42.65,6696.05,2009,12,2010
2010-01-31 00:00:00,812.38,1634.2,0.0,1341.93,605.67,79.28,4473.46,1556578.71,3218045.76,718850.02,2633594.2,1294046.59,133268.17,503188.17,1012223.48,0.0,831191.44,375152.0,49106.03,0.0,0.0,2010,1,2010
2010-02-28 00:00:00,713.45,1448.8,0.0,1133.49,522.62,57.85,3876.2099999999996,1556578.71,3218045.76,718850.02,2633594.2,1294046.59,133268.17,441910.93,897386.72,0.0,702083.71,323710.83,35832.29,0.0,0.0,2010,2,2010
2010-03-31 00:00:00,789.41,1647.63,0.0,1292.34,605.47,67.89,4402.740000000001,1556578.71,3218045.76,718850.02,2633594.2,1294046.59,133268.17,488960.55,1020542.02,0.0,800475.4,375028.12,42051.07,0.0,0.0,2010,3,2010
2010-04-30 00:00:00,810.02,1658.9,0.0,1418.77,695.94,70.05,4653.68,1556578.71,3218045.76,718850.02,2633594.2,1294046.59,133268.17,501726.39,1027522.66,0.0,878786.14,431065.24,43388.97,0.0,0.0,2010,4,2010
2010-05-31 00:00:00,874.32,1781.49,0.0,1684.43,803.73,79.06,5223.03,1556578.71,3218045.76,718850.02,2633594.2,1294046.59,133268.17,541553.81,1103454.91,0.0,1043335.94,497830.36,48969.76,0.0,0.0,2010,5,2010
2010-06-30 00:00:00,848.92,1748.48,0.0,1552.58,734.95,74.23,4959.159999999999,1556578.71,3218045.76,718850.02,2633594.2,1294046.59,133268.17,525821.05,1083008.51,0.0,961668.05,455228.03,45978.06,0.0,0.0,2010,6,2010
2010-07-31 00:00:00,850.73,1663.13,0.0,1452.31,674.8,71.98,4712.95,1556578.71,3218045.76,718850.02,2633594.2,1294046.59,133268.17,526942.16,1030142.72,0.0,899560.81,417971.12,44584.41,0.0,0.0,2010,7,2010
2010-08-31 00:00:00,847.32,1652.14,0.0,1368.68,628.07,70.42,4566.63,1556578.71,3218045.76,718850.02,2633594.2,1294046.59,133268.17,524830.01,1023335.52,0.0,847760.39,389026.56,43618.15,0.0,0.0,2010,8,2010
2010-09-30 00:00:00,831.44,1629.17,0.0,1497.08,678.41,71.54,4707.64,1556578.71,3218045.76,718850.02,2633594.2,1294046.59,133268.17,514993.94,1009107.9,0.0,927291.35,420207.15,44311.88,0.0,0.0,2010,9,2010
2010-10-31 00:00:00,885.8,1788.04,0.0,1782.35,787.91,78.06,5322.160000000001,1844281.13,3698510.71,0.0,3171195.1,1487123.52,162114.86,389131.94,785485.97,0.0,782986.36,346128.86,34291.76,499.14,78364.98,2010,10,2011
2010-11-30 00:00:00,809.67,1668.36,114.91,1538.1,714.31,71.76,4917.109999999999,1844281.13,3698510.71,0.0,3171195.1,1487123.52,162114.86,355688.03,732910.55,50479.96,675687.33,313796.38,31524.17,760.7,119429.90000000001,2010,11,2011
2010-12-31 00:00:00,826.51,1667.78,574.75,1488.8,687.18,69.54,5314.56,1844281.13,3698510.71,0.0,3171195.1,1487123.52,162114.86,363085.84,732655.75,252487.68,654029.84,301878.17,30548.92,658.44,103375.08,2010,12,2011
2011-01-31 00:00:00,801.0300000000001,1533.56,430.5,1367.34,624.45,68.53,4825.41,1844281.13,3698510.71,0.0,3171195.1,1487123.52,162114.86,351892.48,673692.91,189118.65,600672.46,274320.89,30105.23,434.62,68235.34,2011,1,2011
2011-02-28 00:00:00,729.46,1430.82,55.62,1277.59,600.14,65.12,4158.75,1844281.13,3698510.71,0.0,3171195.1,1487123.52,162114.86,320451.78,628559.23,24433.87,561245.29,263641.5,28607.22,21.36,3353.52,2011,2,2011
2011-03-31 00:00:00,843.38,1668.67,0.0,1555.12,720.79,77.85,4865.81,1844281.13,3698510.71,0.0,3171195.1,1487123.52,162114.86,370496.83,733046.73,0.0,683164.22,316643.05,34199.51,468.77,73596.89,2011,3,2011
2011-04-30 00:00:00,841.66,1639.11,0.0,1582.1200000000001,762.24,75.5,4900.63,1844281.13,3698510.71,0.0,3171195.1,1487123.52,162114.86,369741.24,720061.02,0.0,695025.32,334852.03,33167.15,0.0,0.0,2011,4,2011
2011-05-31 00:00:00,893.98,1784.67,0.0,1898.53,878.18,81.91,5537.27,1844281.13,3698510.71,0.0,3171195.1,1487123.52,162114.86,392725.41,784005.53,0.0,834024.23,385784.47,35983.06,546.06,85731.42,2011,5,2011
2011-06-30 00:00:00,876.59,1765.24,88.94,1741.89,805.91,78.25,5356.82,1844281.13,3698510.71,0.0,3171195.1,1487123.52,162114.86,385085.99,775469.93,39071.34,765212.28,354036.26,34375.23,652.12,102382.84,2011,6,2011
2011-07-31 00:00:00,848.84,1634.63,0.0,1469.05,690.22,73.42,4716.160000000001,1844281.13,3698510.71,0.0,3171195.1,1487123.52,162114.86,372895.41,718092.96,0.0,645353.67,303213.65,32253.41,265.38,41664.659999999996,2011,7,2011
2011-08-31 00:00:00,857.24,1602.62,0.0,1407.47,661.12,73.21,4601.66,1844281.13,3698510.71,0.0,3171195.1,1487123.52,162114.86,376585.53,704030.97,0.0,618301.57,290430.02,32161.15,0.0,0.0,2011,8,2011
2011-09-30 00:00:00,818.7,1491.16,0.0,1362.48,661.17,72.72,4406.2300000000005,1844281.13,3698510.71,0.0,3171195.1,1487123.52,162114.86,359654.91,655066.59,0.0,598537.46,290451.98,31945.9,0.0,0.0,2011,9,2011
2011-10-31 00:00:00,853.42,1567.16,0.0,1491.45,753.41,74.07,4739.509999999999,1844560.59,3617224.05,232521.2,3395899.43,1579953.55,162868.9,390695.68,717445.85,0.0,682785.81,344911.1,33909.25,0.0,0.0,2011,10,2012
2011-11-30 00:00:00,832.03,1518.67,0.0,1493.11,724.94,69.48,4638.23,1844560.59,3617224.05,232521.2,3395899.43,1579953.55,162868.9,380903.33,695247.13,0.0,683545.76,331877.53,31807.94,0.0,0.0,2011,11,2012
2011-12-31 00:00:00,831.6,1611.1599999999999,30.04,1534.83,725.66,70.56,4803.85,1844560.59,3617224.05,232521.2,3395899.43,1579953.55,162868.9,380706.48,737589.05,13752.31,702645.17,332207.15,32302.37,212.64,33384.479999999996,2011,12,2012
2012-01-31 00:00:00,846.67,1609.67,0.0,1491.95,719.24,71.7,4739.23,1844560.59,3617224.05,232521.2,3395899.43,1579953.55,162868.9,387605.53,736906.93,0.0,683014.71,329268.07,32824.26,622.39,97715.23,2012,1,2012
2012-02-28 00:00:00,829.63,1506.94,0.0,1390.9,664.03,68.23,4459.73,1844560.59,3617224.05,232521.2,3395899.43,1579953.55,162868.9,379804.61,689877.13,0.0,636754.02,303992.93,31235.69,675.05,105982.84999999999,2012,2,2012
2012-03-31 00:00:00,920.12,1774.25,131.09,1716.51,841.29,79.75,5463.01,1844560.59,3617224.05,232521.2,3395899.43,1579953.55,162868.9,421230.94,812251.65,60013.0,785818.28,385142.56,36509.55,697.43,109496.51,2012,3,2012
2012-04-30 00:00:00,878.69,1736.24,548.19,1743.8,880.87,77.75,5865.54,1844560.59,3617224.05,232521.2,3395899.43,1579953.55,162868.9,402264.28,794850.67,250961.38,798311.64,403262.29,35593.95,491.28,77130.95999999999,2012,4,2012
2012-05-31 00:00:00,930.83,1775.26,855.98,1808.89,889.82,78.8,6339.58,1844560.59,3617224.05,232521.2,3395899.43,1579953.55,162868.9,426133.97,812714.03,391867.64,828109.84,407359.6,36074.64,582.67,91479.18999999999,2012,5,2012
2012-06-30 00:00:00,872.3,1617.82,144.79,1388.84,707.27,70.91,4801.93,1844560.59,3617224.05,232521.2,3395899.43,1579953.55,162868.9,399338.94,740638.0,66284.86,635810.95,323788.21,32462.6,489.86,76908.02,2012,6,2012
2012-07-31 00:00:00,918.49,1684.84,0.0,1448.7,720.08,76.03,4848.139999999999,1844560.59,3617224.05,232521.2,3395899.43,1579953.55,162868.9,420484.72,771319.75,0.0,663214.86,329652.62,34806.53,0.0,0.0,2012,7,2012
2012-08-31 00:00:00,908.79,1678.78,0.0,1397.83,700.25,79.39,4765.04,1844560.59,3617224.05,232521.2,3395899.43,1579953.55,162868.9,416044.06,768545.48,0.0,639926.57,320574.45,36344.74,0.0,0.0,2012,8,2012
2012-09-30 00:00:00,865.87,1624.83,0.0,1387.95,711.73,76.1,4666.48,1844560.58,3617223.9899999998,232521.23,3395899.37,1579953.54,162868.91999999998,396395.29,743847.17,0.0,635403.51,325829.99,34838.58,0.0,0.0,2012,9,2012
2012-10-31 00:00:00,887.35,1685.9,10.09,1536.18,775.81,75.44,4970.7699999999995,1887431.22,3546094.78,307736.64,3292205.62,1626525.67,160657.06,405075.28,769613.35,4606.09,701266.17,354157.27,34438.36,0.0,0.0,2012,10,2013
2012-11-30 00:00:00,861.06,1624.83,0.0,1634.57,813.63,76.2,5010.29,1887431.22,3546094.78,307736.64,3292205.62,1626525.67,160657.06,393073.89,741734.9,0.0,746181.21,371422.1,34785.3,0.0,0.0,2012,11,2013
2012-12-31 00:00:00,857.77,1587.62,0.0,1549.53,754.94,75.16,4825.02,1887431.22,3546094.78,307736.64,3292205.62,1626525.67,160657.06,391572.01,724748.53,0.0,707360.45,344630.11,34310.54,0.0,0.0,2012,12,2013
2013-01-31 00:00:00,892.48,1604.09,0.0,1547.54,757.83,79.29,4881.23,1887431.22,3546094.78,307736.64,3292205.62,1626525.67,160657.06,407417.12,732267.09,0.0,706452.01,345949.4,36195.89,0.0,0.0,2013,1,2013
2013-02-28 00:00:00,792.99,1488.09,0.0,1415.75,702.69,72.19,4471.71,1887431.22,3546094.78,307736.64,3292205.62,1626525.67,160657.06,361999.94,679313.09,0.0,646289.88,320777.99,32954.74,360.47,56593.79,2013,2,2013
2013-03-31 00:00:00,878.7,1654.5,0.0,1551.17,800.51,85.44,4970.32,1887431.22,3546094.78,307736.64,3292205.62,1626525.67,160657.06,401126.55,755279.25,0.0,708109.11,365432.82,39003.36,610.57,95859.49,2013,3,2013
2013-04-30 00:00:00,868.0,1627.99,0.0,1575.14,825.98,87.74,4984.85,1887431.22,3546094.78,307736.64,3292205.62,1626525.67,160657.06,396242.0,743177.44,0.0,719051.41,377059.87,40053.31,697.8,109554.59999999999,2013,4,2013
2013-05-31 00:00:00,903.0,1704.77,0.0,1667.56,891.45,92.56,5259.34,1887431.22,3546094.78,307736.64,3292205.62,1626525.67,160657.06,412219.5,778227.51,0.0,761241.14,406946.93,42253.64,590.59,92722.63,2013,5,2013
2013-06-30 00:00:00,850.28,1547.64,0.0,1382.78,740.93,85.15,4606.78,1887431.22,3546094.78,307736.64,3292205.62,1626525.67,160657.06,388152.82,706497.66,0.0,631239.07,338234.55,38870.98,24.38,3827.66,2013,6,2013
2013-07-31 00:00:00,861.35,1506.76,0.0,1362.68,699.95,81.22,4511.96,1887431.22,3546094.78,307736.64,3292205.62,1626525.67,160657.06,393206.28,687835.94,0.0,622063.42,319527.18,37076.93,0.0,0.0,2013,7,2013
2013-08-31 00:00:00,868.34,1511.75,0.0,1383.96,747.6,84.59,4596.240000000001,1887431.22,3546094.78,307736.64,3292205.62,1626525.67,160657.06,396397.21,690113.88,0.0,631777.74,341279.4,38615.34,0.0,0.0,2013,8,2013
2013-09-30 00:00:00,818.35,1486.73,0.0,1388.42,727.2,83.6,4504.3,1887431.22,3546094.78,307736.64,3292205.62,1626525.67,160657.06,373576.78,678692.25,0.0,633813.73,331966.8,38163.4,0.0,0.0,2013,9,2013
2013-10-31 00:00:00,872.8,1631.04,0.0,1636.05,810.72,87.88,5038.490000000001,1894387.7200000002,3486713.55,1848.64,3297014.0599999996,1692639.98,179291.02,436574.56,815846.21,0.0,818352.21,405522.14,43957.58,0.0,0.0,2013,10,2014
2013-11-30 00:00:00,836.17,1517.64,0.0,1554.99,774.64,82.01,4765.450000000001,1894387.72,3486713.55,1848.64,3297014.06,1692639.98,179291.02,418252.23,759123.53,0.0,777806.0,387474.93,41021.4,0.0,0.0,2013,11,2014
2013-12-31 00:00:00,853.1600000000001,1600.42,0.0,1594.73,790.62,81.59,4920.52,1894387.72,3486713.55,1848.64,3297014.06,1692639.98,179291.02,426750.63,800530.08,0.0,797683.95,395468.12,40811.32,0.0,0.0,2013,12,2014
2014-01-31 00:00:00,841.34,1536.51,0.0,1422.83,698.74,79.64,4579.06,1894387.72,3486713.55,1848.64,3297014.06,1692639.98,179291.02,420838.27,768562.3,0.0,711699.57,349509.75,39835.93,0.0,0.0,2014,1,2014
2014-02-28 00:00:00,771.62,1373.8200000000002,0.0,1300.25,621.4,73.48,4140.57,1894387.72,3486713.55,1848.64,3297014.06,1692639.98,179291.02,385964.32,687184.76,0.0,650385.05,310824.28,36754.7,0.0,0.0,2014,2,2014
2014-03-31 00:00:00,834.14,1551.77,0.0,1461.17,694.27,83.79,4625.14,1894387.72,3486713.55,1848.64,3297014.06,1692639.98,179291.02,417236.83,776195.35,0.0,730877.23,347273.85,41911.76,0.0,0.0,2014,3,2014
2014-04-30 00:00:00,830.69,1535.18,0.0,1576.75,743.46,85.3,4771.38,1894387.72,3486713.55,1848.64,3297014.06,1692639.98,179291.02,415511.14,767897.04,0.0,788690.35,371878.69,42667.06,0.0,0.0,2014,4,2014
2014-05-31 00:00:00,864.65,1625.92,0.0,1730.54,819.78,93.23,5134.12,1894387.72,3486713.55,1848.64,3297014.06,1692639.98,179291.02,432497.93,813285.18,0.0,865616.11,410053.96,46633.65,0.0,0.0,2014,5,2014
2014-06-30 00:00:00,828.73,1609.59,0.0,1633.89,768.93,91.53,4932.67,1894387.72,3486713.55,1848.64,3297014.06,1692639.98,179291.02,414530.75,805116.92,0.0,817271.78,384618.79,45783.31,0.0,0.0,2014,6,2014
2014-07-31 00:00:00,860.78,1601.4,0.0,1574.66,746.56,100.08,4883.48,1894387.72,3486713.55,1848.64,3297014.06,1692639.98,179291.02,430562.16,801020.28,0.0,787644.93,373429.31,50060.02,0.0,0.0,2014,7,2014
2014-08-31 00:00:00,883.79,1590.18,0.0,1625.24,773.58,99.07,4971.86,1894387.72,3486713.55,1848.64,3297014.06,1692639.98,179291.02,442071.76,795408.04,0.0,812945.05,386944.72,49554.81,0.0,0.0,2014,8,2014
2014-09-30 00:00:00,833.31,1420.75,0.0,1498.36,710.65,88.98,4552.049999999999,1894387.67,3486713.54,1848.69,3297014.08,1692639.96,179290.96,416821.66,710659.15,0.0,749479.67,355467.13,44507.8,0.0,0.0,2014,9,2014
2014-10-31 00:00:00,869.22,1542.9,0.0,1631.4,751.44,89.47,4884.43,1906517.11,3506039.7,0.0,3508913.29,1688202.06,197338.26,381587.58,677333.1,0.0,716184.6,329882.16,39277.33,0.0,0.0,2014,10,2015
2014-11-30 00:00:00,827.75,1492.8,0.0,1588.37,713.27,88.06,4710.250000000001,1906517.11,3506039.7,0.0,3508913.29,1688202.06,197338.26,363382.25,655339.2,0.0,697294.43,313125.53,38658.34,0.0,0.0,2014,11,2015
2014-12-31 00:00:00,847.37,1501.76,0.0,1540.73,695.11,84.24,4669.21,1906517.11,3506039.7,0.0,3508913.29,1688202.06,197338.26,371995.43,659272.64,0.0,676380.47,305153.29,36981.36,0.0,0.0,2014,12,2015
2015-01-31 00:00:00,855.35,1522.5,0.0,1518.31,679.53,87.88,4663.57,1906517.11,3506039.7,0.0,3508913.29,1688202.06,197338.26,375498.65,668377.5,0.0,666538.09,298313.67,38579.32,0.0,0.0,2015,1,2015
2015-02-28 00:00:00,768.63,1388.22,0.0,1342.7,616.29,80.64,4196.4800000000005,1906517.11,3506039.7,0.0,3508913.29,1688202.06,197338.26,337428.57,609428.58,0.0,589445.3,270551.31,35400.96,0.0,0.0,2015,2,2015
2015-03-31 00:00:00,869.29,1638.74,0.0,1620.63,772.79,95.49,4996.94,1906517.11,3506039.7,0.0,3508913.29,1688202.06,197338.26,381618.31,719406.86,0.0,711456.57,339254.81,41920.11,0.0,0.0,2015,3,2015
2015-04-30 00:00:00,871.74,1627.26,0.0,1642.59,780.8,90.63,5013.02,1906517.11,3506039.7,0.0,3508913.29,1688202.06,197338.26,382693.86,714367.14,0.0,721097.01,342771.2,39786.57,0.0,0.0,2015,4,2015
2015-05-31 00:00:00,905.95,1597.51,0.0,1884.98,860.71,94.71,5343.860000000001,1906517.11,3506039.7,0.0,3508913.29,1688202.06,197338.26,397712.05,701306.89,0.0,827506.22,377851.69,41577.69,0.0,0.0,2015,5,2015
2015-06-30 00:00:00,859.07,1447.07,0.0,1607.53,749.84,89.03,4752.54,1906517.11,3506039.7,0.0,3508913.29,1688202.06,197338.26,377131.73,635263.73,0.0,705705.67,329179.76,39084.17,0.0,0.0,2015,6,2015
2015-07-31 00:00:00,891.23,1476.74,0.0,1608.35,717.03,91.6,4784.950000000001,1906517.11,3506039.7,0.0,3508913.29,1688202.06,197338.26,391249.97,648288.86,0.0,706065.65,314776.17,40212.4,0.0,0.0,2015,7,2015
2015-08-31 00:00:00,880.93,1432.2,0.0,1445.67,665.73,89.13,4513.66,1906517.11,3506039.7,0.0,3508913.29,1688202.06,197338.26,386728.26999999996,628735.8,0.0,634649.13,292255.47000000003,39128.07,0.0,0.0,2015,8,2015
2015-09-30 00:00:00,842.7,1316.33,0.0,1508.09,680.08,89.82,4437.02,1906517.09,3506039.75,0.0,3508913.27,1688202.11,197338.27000000002,369945.30000000005,577868.87,0.0,662051.51,298555.12000000005,39430.979999999996,0.0,0.0,2015,9,2015
2015-10-31 00:00:00,894.11,1451.41,0.0,1722.77,785.87,94.19,4948.349999999999,1947519.88,3403972.5,0.0,3584793.1,1643424.73,202659.44,360683.97,585498.79,0.0,694965.42,317019.96,37996.25,0.0,0.0,2015,10,2016
2015-11-30 00:00:00,854.42,1406.28,0.0,1634.02,752.29,92.17,4739.18,1947519.88,3403972.5,0.0,3584793.1,1643424.73,202659.44,344673.03,567293.35,0.0,659163.67,303473.79,37181.38,0.0,0.0,2015,11,2016
2015-12-31 00:00:00,885.29,1492.37,0.0,1731.48,779.49,94.21,4982.839999999999,1947519.88,3403972.5,0.0,3584793.1,1643424.73,202659.44,357125.99,602022.06,0.0,698479.03,314446.27,38004.31,0.0,0.0,2015,12,2016
2016-01-31 00:00:00,862.66,1426.4,0.0,1526.65,707.66,92.64,4616.01,1947519.88,3403972.5,0.0,3584793.1,1643424.73,202659.44,347997.04,575409.76,0.0,615850.61,285470.04,37370.98,0.0,0.0,2016,1,2016
2016-02-29 00:00:00,800.8,1364.89,0.0,1460.01,650.01,87.7,4363.41,1947519.88,3403972.5,0.0,3584793.1,1643424.73,202659.44,323042.72,550596.63,0.0,588968.03,262214.03,35378.18,0.0,0.0,2016,2,2016
2016-03-31 00:00:00,872.02,1542.5,0.0,1734.77,810.71,99.72,5059.72,1947519.88,3403972.5,0.0,3584793.1,1643424.73,202659.44,351772.87,622244.5,0.0,699806.22,327040.41,40227.05,0.0,0.0,2016,3,2016
2016-04-30 00:00:00,863.05,1527.22,0.0,1780.0,823.99,92.02,5086.280000000001,1947519.88,3403972.5,0.0,3584793.1,1643424.73,202659.44,348154.37,616080.55,0.0,718052.0,332397.57,37120.87,0.0,0.0,2016,4,2016
2016-05-31 00:00:00,901.46,1551.48,0.0,1928.54,925.29,101.02,5407.79,1947519.88,3403972.5,0.0,3584793.1,1643424.73,202659.44,363648.96,625867.03,0.0,777973.04,373261.99,40751.47,410.51,64450.07,2016,5,2016
2016-06-30 00:00:00,855.55,1517.89,0.0,1613.79,844.37,97.15,4928.75,1947519.88,3403972.5,0.0,3584793.1,1643424.73,202659.44,345128.87,612316.83,0.0,651002.89,340618.86,39190.31,51.44,8076.08,2016,6,2016
2016-07-31 00:00:00,921.77,1538.16,0.0,1725.78,838.21,97.32,5121.24,1947519.88,3403972.5,0.0,3584793.1,1643424.73,202659.44,371842.02,620493.74,0.0,696179.65,338133.91,39258.89,0.0,0.0,2016,7,2016
2016-08-31 00:00:00,881.24,1429.13,0.0,1679.68,787.79,94.26,4872.1,1947519.88,3403972.5,0.0,3584793.1,1643424.73,202659.44,355492.22,576511.04,0.0,677582.91,317794.49,38024.48,0.0,0.0,2016,8,2016
2016-09-30 00:00:00,838.84,1405.33,0.0,1605.27,779.43,91.57,4720.44,1947519.9,3403972.51,0.0,3584793.0500000003,1643424.77,202659.38,338388.06,566910.12,0.0,647565.92,314422.06,36939.34,0.0,0.0,2016,9,2016
2016-10-31 00:00:00,881.51,1588.4,0.0,1778.5,862.22,97.58,5208.21,1931581.02,3268874.42,0.0,3729900.26,1756388.61,209980.91,341849.58,615981.52,0.0,689702.3,334368.92,37841.52,0.0,0.0,2016,10,2017
2016-11-30 00:00:00,887.45,1585.16,0.0,1946.54,920.23,99.28,5438.659999999999,1931581.02,3268874.42,0.0,3729900.26,1756388.61,209980.91,344153.11,614725.05,0.0,754868.21,356865.19,38500.78,48.91,7678.87,2016,11,2017
2016-12-31 00:00:00,887.65,1542.83,0.0,1865.79,896.76,93.33,5286.360000000001,1931581.02,3268874.42,0.0,3729900.26,1756388.61,209980.91,344230.67,598309.47,0.0,723553.36,347763.53,36193.37,681.29,106962.53,2016,12,2017
2017-01-31 00:00:00,899.74,1543.02,0.0,1790.54,886.91,89.72,5209.93,1931581.02,3268874.42,0.0,3729900.26,1756388.61,209980.91,348919.17,598383.16,0.0,694371.41,343943.7,34793.42,548.36,86092.52,2017,1,2017
2017-02-28 00:00:00,815.7,1422.02,0.0,1625.63,809.89,79.97,4753.210000000001,1931581.02,3268874.42,0.0,3729900.26,1756388.61,209980.91,316328.46,551459.36,0.0,630419.31,314075.34,31012.37,501.24,78694.68,2017,2,2017
2017-03-31 00:00:00,922.08,1691.69,165.58,1983.27,996.91,93.5,5853.03,1931581.02,3268874.42,0.0,3729900.26,1756388.61,209980.91,357582.62,656037.38,64211.92,769112.11,386601.7,36259.3,491.0,77087.0,2017,3,2017
2017-04-30 00:00:00,925.14,1746.54,814.24,2152.43,1140.7,97.6,6876.650000000001,1931581.02,3268874.42,0.0,3729900.26,1756388.61,209980.91,358769.29,677308.21,315762.27,834712.35,442363.46,37849.28,503.43,79038.51,2017,4,2017
2017-05-31 00:00:00,969.27,1698.5,1267.27,2159.69,1098.88,97.32,7290.929999999999,1931581.02,3268874.42,0.0,3729900.26,1756388.61,209980.91,375882.91,658678.3,491447.31,837527.78,426145.66,37740.7,526.92,82726.44,2017,5,2017
2017-06-30 00:00:00,864.87,1424.26,28.66,1580.37,823.07,84.35,4805.58,1931581.02,3268874.42,0.0,3729900.26,1756388.61,209980.91,335396.59,552328.03,11114.35,612867.49,319186.55,32710.93,332.18,52152.26,2017,6,2017
2017-07-31 00:00:00,891.97,1493.83,0.0,1630.43,857.8,87.44,4961.47,1931581.02,3268874.42,0.0,3729900.26,1756388.61,209980.91,345905.97,579307.27,0.0,632280.75,332654.84,33909.23,0.0,0.0,2017,7,2017
2017-08-31 00:00:00,897.84,1468.29,0.0,1656.51,884.32,86.64,4993.6,1931581.02,3268874.42,0.0,3729900.26,1756388.61,209980.91,348182.35,569402.86,0.0,642394.58,342939.3,33598.99,0.0,0.0,2017,8,2017
2017-09-30 00:00:00,833.27,1377.23,0.0,1636.79,816.96,89.81,4754.06,1931580.98,3268874.48,0.0,3729900.21,1756388.6,209980.86,323142.11,534089.79,0.0,634747.16,316817.09,34828.32,0.0,0.0,2017,9,2017
2017-10-31 00:00:00,902.67,1495.22,0.0,1880.3,894.48,88.41,5261.08,1857377.9,3232651.27,395909.87,3793652.47,1912727.87,190763.93,348250.09,576855.88,0.0,725419.74,345090.38,34108.58,0.0,0.0,2017,10,2018
2017-11-30 00:00:00,870.73,1526.2,0.0,1939.27,919.96,85.21,5341.370000000001,1857377.9,3232651.27,395909.87,3793652.47,1912727.87,190763.93,335927.63,588807.96,0.0,748170.37,354920.57,32874.02,0.0,0.0,2017,11,2018
2017-12-31 00:00:00,859.13,1490.58,0.0,1932.7,912.37,85.79,5280.57,1857377.9,3232651.27,395909.87,3793652.47,1912727.87,190763.93,331452.35,575065.76,0.0,745635.66,351992.35,33097.78,0.0,0.0,2017,12,2018
2018-01-31 00:00:00,857.45,1488.24,0.0,1815.82,851.89,87.52,5100.920000000001,1857377.9,3232651.27,395909.87,3793652.47,1912727.87,190763.93,330804.21,574162.99,0.0,700543.36,328659.16,33765.22,0.0,0.0,2018,1,2018
2018-02-28 00:00:00,803.53,1396.68,0.0,1718.99,826.26,80.81,4826.27,1857377.9,3232651.27,395909.87,3793652.47,1912727.87,190763.93,310001.87,538839.14,0.0,663186.34,318771.11,31176.5,0.0,0.0,2018,2,2018
2018-03-31 00:00:00,887.06,1622.02,0.0,2060.15,943.17,90.0,5602.4,1857377.9,3232651.27,395909.87,3793652.47,1912727.87,190763.93,342227.75,625775.32,0.0,794805.87,363874.99,34722.0,542.95,85243.15,2018,3,2018
2018-04-30 00:00:00,864.41,1528.49,0.0,1989.46,905.2,90.66,5378.22,1857377.9,3232651.27,395909.87,3793652.47,1912727.87,190763.93,333489.38,589691.44,0.0,767533.67,349226.16,34976.63,862.81,135461.17,2018,4,2018
2018-05-31 00:00:00,870.97,1522.73,0.0,1912.67,908.05,89.01,5303.43,1857377.9,3232651.27,395909.87,3793652.47,1912727.87,190763.93,336020.23,587469.23,0.0,737908.09,350325.69,34340.06,603.42,94736.94,2018,5,2018
2018-06-30 00:00:00,862.47,1502.25,0.0,1823.87,853.83,90.07,5132.49,1857377.9,3232651.27,395909.87,3793652.47,1912727.87,190763.93,332740.93,579568.05,0.0,703649.05,329407.61,34749.01,0.0,0.0,2018,6,2018
2018-07-31 00:00:00,881.46,1484.09,0.0,1745.15,796.01,90.36,4997.070000000001,1857377.9,3232651.27,395909.87,3793652.47,1912727.87,190763.93,340067.27,572561.92,0.0,673278.87,307100.66,34860.89,0.0,0.0,2018,7,2018
2018-08-31 00:00:00,878.0,1421.46,0.0,1756.58,805.73,90.03,4951.8,1857377.9,3232651.27,395909.87,3793652.47,1912727.87,190763.93,338732.4,548399.27,0.0,677688.56,310850.63,34733.57,0.0,0.0,2018,8,2018
2018-09-30 00:00:00,865.16,1325.09,0.0,1686.15,785.11,87.77,4749.280000000001,1857377.9,3232651.26,395909.86,3793652.41,1912727.82,190763.9,333778.73,511219.72,0.0,650516.67,302895.44,33861.67,0.0,0.0,2018,9,2018
2018-10-31 00:00:00,854.88,1511.54,0.0,2057.35,939.94,92.63,5456.340000000001,1970324.35,3371878.12,0.0,4216229.78,1970138.74,199937.06,340926.14,602802.15,0.0,820471.18,374848.07,36940.84,0.0,0.0,2018,10,2019
2018-11-30 00:00:00,811.34,1453.03,0.0,1968.35,865.93,86.74,5185.389999999999,1970324.35,3371878.12,0.0,4216229.78,1970138.74,199937.06,323562.39,579468.36,0.0,784977.98,345332.88,34591.91,0.0,0.0,2018,11,2019
2018-12-31 00:00:00,821.24,1422.47,0.0,1823.6,799.28,86.24,4952.83,1970324.35,3371878.12,0.0,4216229.78,1970138.74,199937.06,327510.51,567281.04,0.0,727251.68,318752.86,34392.51,0.0,0.0,2018,12,2019
2019-01-31 00:00:00,888.12,1436.52,0.0,1836.99,822.6,88.23,5072.46,1970324.35,3371878.12,0.0,4216229.78,1970138.74,199937.06,354182.26,572884.18,0.0,732591.61,328052.88,35186.12,0.0,0.0,2019,1,2019
2019-02-28 00:00:00,818.79,1363.22,0.0,1699.02,767.99,80.55,4729.570000000001,1970324.35,3371878.12,0.0,4216229.78,1970138.74,199937.06,326533.45,543652.14,0.0,677569.18,306274.41,32123.34,0.0,0.0,2019,2,2019
2019-03-31 00:00:00,893.5,1572.5,0.0,1985.06,906.39,90.93,5448.38,1970324.35,3371878.12,0.0,4216229.78,1970138.74,199937.06,356327.8,627113.0,0.0,791641.93,361468.33,36262.88,0.0,0.0,2019,3,2019
2019-04-30 00:00:00,817.23,1514.47,0.0,2062.93,887.68,92.18,5374.49,1970324.35,3371878.12,0.0,4216229.78,1970138.74,199937.06,325911.32,603970.64,0.0,822696.48,354006.78,36761.38,9.81,1540.17,2019,4,2019
2019-05-31 00:00:00,867.88,1591.91,0.0,2233.09,1024.6,100.22,5817.7,1970324.35,3371878.12,0.0,4216229.78,1970138.74,199937.06,346110.54,634853.71,0.0,890556.29,408610.48,39967.74,570.75,89607.75,2019,5,2019
2019-06-30 00:00:00,842.52,1505.59,0.59,2066.44,923.2,97.58,5435.919999999999,1970324.35,3371878.12,0.0,4216229.78,1970138.74,199937.06,335996.98,600429.29,235.29,824096.27,368172.16,38914.9,355.62,55832.34,2019,6,2019
2019-07-31 00:00:00,853.15,1468.18,0.0,1971.79,888.26,96.1,5277.4800000000005,1970324.35,3371878.12,0.0,4216229.78,1970138.74,199937.06,340236.22,585510.18,0.0,786349.85,354238.09,38324.68,0.0,0.0,2019,7,2019
2019-08-31 00:00:00,811.18,1419.84,0.0,1854.01,839.05,96.07,5020.15,1970324.35,3371878.12,0.0,4216229.78,1970138.74,199937.06,323498.58,566232.19,0.0,739379.19,334613.14,38312.72,0.0,0.0,2019,8,2019
2019-09-30 00:00:00,816.62,1472.01,0.0,2150.35,963.16,95.04,5497.179999999999,1970324.35,3371878.08,0.0,4216229.83,1970138.73,199937.02,325668.06,587037.59,0.0,857559.58,384108.21,37901.95,0.0,0.0,2019,9,2019
2019-10-31 00:00:00,834.39,1523.68,0.39,2152.23,985.53,91.56,5587.780000000001,1891249.0761575506,3321391.8673485084,110.51775177740241,4441124.011076946,1990833.0632379234,206520.21442729482,336092.29199999996,613738.304,157.092,866918.244,396971.484,36880.367999999995,0.0,0.0,2019,10,2020
2019-11-30 00:00:00,781.95,1451.02,1.23,2055.38,903.29,88.44,5281.3099999999995,1891249.0761575506,3321391.8673485084,110.51775177740241,4441124.011076946,1990833.0632379234,206520.21442729482,314969.46,584470.856,495.444,827907.064,363845.212,35623.632,0.0,0.0,2019,11,2020
2019-12-31 00:00:00,791.56,1429.44,0.0,1986.07,908.9399999999999,88.74,5204.749999999999,1891249.0761575506,3321391.8673485084,110.51775177740241,4441124.011076946,1990833.0632379234,206520.21442729482,318840.36799999996,575778.432,0.0,799988.9959999999,366121.03199999995,35744.471999999994,0.0,0.0,2019,12,2020
2020-01-31 00:00:00,799.21,1471.22,288.1,2032.67,941.42,90.46,5623.080000000001,1891249.0761575506,3321391.8673485084,110.51775177740241,4441124.011076946,1990833.0632379234,206520.21442729482,321921.788,592607.416,116046.68000000001,818759.476,379203.97599999997,36437.28799999999,0.0,0.0,2020,1,2020
2020-02-29 00:00:00,767.17,1413.71,322.74,1890.55,863.81,86.58,5344.5599999999995,1891249.0761575506,3321391.8673485084,110.51775177740241,4441124.011076946,1990833.0632379234,206520.21442729482,309016.076,569442.388,129999.672,761513.5399999999,347942.66799999995,34874.424,0.0,0.0,2020,2,2020
2020-03-31 00:00:00,869.61,1647.85,0.0,2416.18,1118.81,98.66,6151.109999999999,1891249.0761575506,3321391.8673485084,110.51775177740241,4441124.011076946,1990833.0632379234,206520.21442729482,350278.908,663753.98,0.0,973237.3039999999,450656.66799999995,39740.248,597.95,116600.25000000001,2020,3,2020
2020-04-30 00:00:00,797.14,1474.07,0.0,2256.2,1043.29,92.34,5663.04,1891249.0761575506,3321391.8673485084,110.51775177740241,4441124.011076946,1990833.0632379234,206520.21442729482,321087.99199999997,593755.396,0.0,908797.3599999999,420237.212,37194.552,850.73,165892.35000000003,2020,4,2020
2020-05-31 00:00:00,849.2,1599.99,0.0,2385.22,1147.49,94.99,6076.889999999999,1891249.0761575506,3321391.8673485084,110.51775177740241,4441124.011076946,1990833.0632379234,206520.21442729482,342057.76,644475.972,0.0,960766.6159999999,462208.972,38261.972,777.99,151708.05000000002,2020,5,2020
2020-06-30 00:00:00,815.29,1543.15,0.0,2221.07,1035.26,94.17999999999999,5708.950000000001,1891249.0761575506,3321391.8673485084,110.51775177740241,4441124.011076946,1990833.0632379234,206520.21442729482,328398.812,621580.8200000001,0.0,894646.996,417002.728,37935.70399999999,9.57,1866.15,2020,6,2020
2020-07-31 00:00:00,836.24,1595.12,0.0,2329.5,1025.37,94.64,5880.87,1891249.0761575506,3321391.8673485084,110.51775177740241,4441124.011076946,1990833.0632379234,206520.21442729482,336837.472,642514.336,0.0,938322.6,413019.03599999996,38120.992,0.0,0.0,2020,7,2020
2020-08-31 00:00:00,811.44,1519.56,0.0,2199.73,1001.0699999999999,96.09,5627.889999999999,1891249.0761575506,3321391.8673485084,110.51775177740241,4441124.011076946,1990833.0632379234,206520.21442729482,326848.032,612078.7679999999,0.0,886051.244,403230.9959999999,38705.052,0.0,0.0,2020,8,2020
2020-09-30 00:00:00,762.13,1415.43,0.0,2014.56,915.44,88.17,5195.73,1891249.0761575506,3321391.8673485084,110.51775177740241,4441124.011076946,1990833.0632379234,206520.21442729482,306985.964,570135.204,0.0,811464.7679999999,368739.232,35514.876000000004,0.0,0.0,2020,9,2020
2020-10-31 00:00:00,819.07,1510.37,0.0,2251.6,1047.63,93.91,5722.58,1828677.452082636,3403923.688238166,115280.88004242074,4882461.301206882,2237954.12771115,207961.46738541056,315178.136,581190.3759999999,0.0,866415.6799999999,403128.02400000003,36136.568,0.0,0.0,2020,10,2021
2020-11-30 00:00:00,777.3100000000001,1433.68,0.0,2128.84,1011.96,89.15,5440.94,1828677.452082636,3403923.688238166,115280.88004242074,4882461.301206882,2237954.12771115,207961.46738541056,299108.888,551680.064,0.0,819177.632,389402.208,34304.920000000006,0.0,0.0,2020,11,2021
2020-12-31 00:00:00,796.61,1442.51,12.97,2074.84,977.52,88.58,5393.030000000001,1828677.452082636,3403923.688238166,115280.88004242074,4882461.301206882,2237954.12771115,207961.46738541056,306535.528,555077.848,4990.856,798398.4319999999,376149.69599999994,34085.583999999995,0.0,0.0,2020,12,2021
