,Fiscal Year,Month,Water Delivery - City of St. Petersburg,Water Delivery - Pinellas County,Water Delivery - City of Tampa (Uniform),Water Delivery - Hillsborough County,Water Delivery - Pasco County,Water Delivery - City of New Port Richey,Water Delivery - Uniform Sales Total,Fixed Water Sales - City of St. Petersburg,Fixed Water Sales - Pinellas County,Fixed Water Sales - City of Tampa (Uniform),Fixed Water Sales - Hillsborough County,Fixed Water Sales - Pasco County,Fixed Water Sales - City of New Port Richey,Variable Water Sales - City of St. Petersburg,Variable Water Sales - Pinellas County,Variable Water Sales - City of Tampa (Uniform),Variable Water Sales - Hillsborough County,Variable Water Sales - Pasco County,Variable Water Sales - City of New Port Richey,TBC Delivery - City of Tampa,TBC Sales - City of Tampa
0,2020.0,10.0,834.39,1523.68,0.39,2152.23,985.53,91.56,5587.780000000001,1891249.0761575503,3321391.8673485084,110.5177517774024,4441124.011076946,1990833.0632379237,206520.2144272948,336092.292,613738.304,157.092,866918.244,396971.484,36880.368,0.0,0.0
1,2020.0,11.0,781.95,1451.02,1.23,2055.38,903.29,88.44,5281.31,1891249.0761575503,3321391.8673485084,110.5177517774024,4441124.011076946,1990833.0632379237,206520.2144272948,314969.46,584470.856,495.444,827907.064,363845.212,35623.632,0.0,0.0
2,2020.0,12.0,791.56,1429.44,0.0,1986.07,908.94,88.74,5204.749999999999,1891249.0761575503,3321391.8673485084,110.5177517774024,4441124.011076946,1990833.0632379237,206520.2144272948,318840.368,575778.432,0.0,799988.9959999999,366121.032,35744.471999999994,0.0,0.0
3,2020.0,1.0,799.21,1471.22,288.1,2032.67,941.42,90.46,5623.080000000001,1891249.0761575503,3321391.8673485084,110.5177517774024,4441124.011076946,1990833.0632379237,206520.2144272948,321921.788,592607.416,116046.68,818759.476,379203.976,36437.28799999999,0.0,0.0
4,2020.0,2.0,767.17,1413.71,322.74,1890.55,863.81,86.58,5344.56,1891249.0761575503,3321391.8673485084,110.5177517774024,4441124.011076946,1990833.0632379237,206520.2144272948,309016.076,569442.388,129999.672,761513.5399999999,347942.66799999995,34874.424,0.0,0.0
5,2020.0,3.0,869.61,1647.85,0.0,2416.18,1118.81,98.66,6151.109999999999,1891249.0761575503,3321391.8673485084,110.5177517774024,4441124.011076946,1990833.0632379237,206520.2144272948,350278.908,663753.98,0.0,973237.304,450656.668,39740.248,597.95,116600.25
6,2020.0,4.0,797.14,1474.07,0.0,2256.2,1043.29,92.34,5663.04,1891249.0761575503,3321391.8673485084,110.5177517774024,4441124.011076946,1990833.0632379237,206520.2144272948,321087.992,593755.396,0.0,908797.36,420237.212,37194.552,850.73,165892.35000000003
7,2020.0,5.0,849.2,1599.99,0.0,2385.22,1147.49,94.99,6076.889999999999,1891249.0761575503,3321391.8673485084,110.5177517774024,4441124.011076946,1990833.0632379237,206520.2144272948,342057.76,644475.972,0.0,960766.616,462208.972,38261.972,777.99,151708.05000000002
8,2020.0,6.0,815.29,1543.15,0.0,2221.07,1035.26,94.18,5708.950000000001,1891249.0761575503,3321391.8673485084,110.5177517774024,4441124.011076946,1990833.0632379237,206520.2144272948,328398.812,621580.8200000001,0.0,894646.996,417002.728,37935.70399999999,9.57,1866.15
9,2020.0,7.0,836.24,1595.12,0.0,2329.5,1025.37,94.64,5880.87,1891249.0761575503,3321391.8673485084,110.5177517774024,4441124.011076946,1990833.0632379237,206520.2144272948,336837.472,642514.336,0.0,938322.6,413019.036,38120.992,0.0,0.0
10,2020.0,8.0,811.44,1519.56,0.0,2199.73,1001.07,96.09,5627.889999999999,1891249.0761575503,3321391.8673485084,110.5177517774024,4441124.011076946,1990833.0632379237,206520.2144272948,326848.032,612078.7679999999,0.0,886051.244,403230.9959999999,38705.052,0.0,0.0
11,2020.0,9.0,762.13,1415.43,0.0,2014.56,915.44,88.17,5195.73,1891249.0761575503,3321391.8673485084,110.5177517774024,4441124.011076946,1990833.0632379237,206520.2144272948,306985.964,570135.204,0.0,811464.7679999999,368739.232,35514.876000000004,0.0,0.0
12,2021.0,10.0,819.07,1510.37,0.0,2251.6,1047.63,93.91,5722.58,1812074.8322022965,3373019.3584269457,114234.24132073934,4838133.282084598,2217635.672070047,206073.37870753827,315178.136,581190.3759999999,0.0,866415.6799999999,403128.02400000003,36136.568,0.0,0.0
13,2021.0,11.0,777.3100000000001,1433.68,0.0,2128.84,1011.96,89.15,5440.94,1812074.8322022965,3373019.3584269457,114234.24132073934,4838133.282084598,2217635.672070047,206073.37870753827,299108.888,551680.064,0.0,819177.632,389402.208,34304.920000000006,0.0,0.0
14,2021.0,12.0,796.61,1442.51,12.97,2074.84,977.52,88.58,5393.030000000001,1812074.8322022965,3373019.3584269457,114234.24132073934,4838133.282084598,2217635.672070047,206073.37870753827,306535.528,555077.848,4990.856,798398.4319999999,376149.69599999994,34085.583999999995,0.0,0.0
15,2021.0,1.0,754.7297579481755,1425.0114517009188,70.96284118543032,1694.3520508983179,860.8165671985184,77.84773106863904,4883.7204,1812074.8322022965,3373019.3584269457,114234.24132073934,4838133.282084598,2217635.672070047,206073.37870753827,290420.0108584579,548344.4066145136,27306.501288153588,651986.6691856727,331242.2150579899,29955.8069152123,75.0,14625.0
16,2021.0,2.0,703.5111999999999,1307.2248,0.0,1556.3632,798.0252,72.2092,4437.3336,1812074.8322022965,3373019.3584269457,114234.24132073934,4838133.282084598,2217635.672070047,206073.37870753827,270711.10975999996,503020.1030399999,0.0,598888.55936,307080.09696,27786.100159999998,0.0,0.0
17,2021.0,3.0,793.0947,1536.4158,0.0,1852.25,954.8713,86.79690000000001,5223.4287,1812074.8322022965,3373019.3584269457,114234.24132073934,4838133.282084598,2217635.672070047,206073.37870753827,305182.84056,591212.79984,0.0,712745.7999999999,367434.47624,33399.44712,0.0,0.0
18,2021.0,4.0,777.738,1526.949,44.4475,1935.4979000000003,989.955,86.12100000000001,5360.7084,1812074.8322022965,3373019.3584269457,114234.24132073934,4838133.282084598,2217635.672070047,206073.37870753827,299273.5824,587569.9752,17103.397999999997,744779.59192,380934.684,33139.3608,15.0,2925.0000000000005
19,2021.0,5.0,816.2649243352613,1612.6541986888321,1156.2183369308334,2169.6700349437488,1116.5848994381804,95.3487056631444,6966.741099999999,1812074.8322022965,3373019.3584269457,114234.24132073934,4838133.282084598,2217635.672070047,206073.37870753827,314098.74288420856,620549.3356554626,444912.81605098466,834889.0294463545,429661.8693038118,36690.181939177965,342.43607464725346,66775.03455621442
20,2021.0,6.0,764.3748640752036,1479.3592311847885,0.0,1798.5754504662827,967.7814518517383,85.18598170057989,5094.1592,1812074.8322022965,3373019.3584269457,114234.24132073934,4838133.282084598,2217635.672070047,206073.37870753827,294131.4476961383,569257.4321599066,0.0,692091.8333394255,372402.3026725489,32779.565758383134,93.87119553393438,18304.883129117203
21,2021.0,7.0,775.9396547191059,1456.606089644016,0.0,1707.864526832794,893.855617376494,81.40002794489082,4915.550100000001,1812074.8322022965,3373019.3584269457,114234.24132073934,4838133.282084598,2217635.672070047,206073.37870753827,298581.5791359119,560502.0232950173,0.0,657186.269925259,343955.64156647486,31322.730753193988,0.0,0.0
22,2021.0,8.0,772.5138,1426.9765,0.0,1688.3902,882.5917000000001,82.2491,4852.7213,1812074.8322022965,3373019.3584269457,114234.24132073934,4838133.282084598,2217635.672070047,206073.37870753827,297263.31023999996,549100.5571999999,0.0,649692.5489599999,339621.28616,31649.45368,0.0,0.0
23,2021.0,9.0,740.754,1356.654,0.0,1645.5330000000001,848.757,78.429,4670.127,1812074.8322022965,3373019.3584269457,114234.24132073934,4838133.282084598,2217635.672070047,206073.37870753827,285042.13920000003,522040.4592,0.0,633201.0984,326601.6936,30179.479199999998,0.0,0.0
24,2022.0,10.0,779.9507,1465.1870999999999,0.0,1847.4078,944.2135000000001,83.00250000000001,5119.761600000002,1705261.5239660193,3214263.6356111965,235750.93679333423,4129917.342572617,2083028.2585492542,186682.71628395046,325551.42218,611569.0955399999,0.0,771108.0157199999,394114.7149,34645.243500000004,0.0,0.0
25,2022.0,11.0,750.9000000000001,1435.953,35.9265,1816.2539,915.6480000000001,80.42089999999999,5035.1023,1705261.5239660193,3214263.6356111965,235750.93679333423,4129917.342572617,2083028.2585492542,186682.71628395046,313425.66000000003,599366.7822,14995.721099999999,758104.37786,382191.47520000004,33567.683659999995,0.0,0.0
26,2022.0,12.0,754.8959593393337,1426.4467784599146,2.8797856531843795,1754.658324851898,883.349498033773,78.06615366189637,4900.296499999999,1705261.5239660193,3214263.6356111965,235750.93679333423,4129917.342572617,2083028.2585492542,186682.71628395046,315093.57342823787,595398.8853291684,1202.02253163916,732394.3847931823,368710.08047929686,32584.81253847554,0.0,0.0
27,2022.0,1.0,767.4267,1435.6038,4.7019,1740.2191,870.5358,79.15839999999999,4897.6457,1705261.5239660193,3214263.6356111965,235750.93679333423,4129917.342572617,2083028.2585492542,186682.71628395046,320323.90458,599221.02612,1962.57306,726367.45234,363361.64292,33040.716159999996,0.0,0.0
28,2022.0,2.0,714.238,1314.8856,136.7584,1595.9386,805.7084,73.3012,4640.8302,1705261.5239660193,3214263.6356111965,235750.93679333423,4129917.342572617,2083028.2585492542,186682.71628395046,298122.9412,548833.24944,57082.956159999994,666144.7716399999,336302.68616,30595.920879999998,420.0,81900.0
29,2022.0,3.0,805.1878,1545.4182,171.8732,1899.3544,964.0349000000001,88.09270000000001,5473.961200000001,1705261.5239660193,3214263.6356111965,235750.93679333423,4129917.342572617,2083028.2585492542,186682.71628395046,336085.38772000006,645057.55668,71739.87368,792790.52656,402388.16726,36769.892980000004,255.0,49725.0
30,2022.0,4.0,788.36826143214,1533.5733968485392,229.6876054790699,1981.8183414285345,997.9464536795025,87.27234113221391,5618.6664,1705261.5239660193,3214263.6356111965,235750.93679333423,4129917.342572617,2083028.2585492542,186682.71628395046,329064.9123217752,640113.5358445803,95871.60652696378,827210.9757122702,416542.8497658243,36427.47518858609,154.31303402410026,30091.04163469955
31,2022.0,5.0,832.3790642381739,1629.0130076090154,528.0611629787952,2233.432976552501,1131.6190679630663,97.15152065844858,6451.656800000001,1705261.5239660193,3214263.6356111965,235750.93679333423,4129917.342572617,2083028.2585492542,186682.71628395046,347435.02141301375,679950.0293760031,220412.7294273491,932234.9244130139,472337.79896778386,40551.044722836436,690.0,134550.0
32,2022.0,6.0,782.196,1499.646,0.0,1858.755,984.4290000000001,87.12299999999999,5212.149,1705261.5239660193,3214263.6356111965,235750.93679333423,4129917.342572617,2083028.2585492542,186682.71628395046,326488.6104,625952.2403999999,0.0,775844.3369999999,410900.6646,36365.140199999994,30.0,5850.000000000001
33,2022.0,7.0,788.4106,1466.3464999999999,0.0,1752.7803,903.2221999999999,82.69560000000001,4993.455199999999,1705261.5239660193,3214263.6356111965,235750.93679333423,4129917.342572617,2083028.2585492542,186682.71628395046,329082.58444,612053.0290999999,0.0,731610.4972199999,377004.94628,34517.14344000001,0.0,0.0
34,2022.0,8.0,784.2938,1435.3402999999998,0.0,1731.3003999999999,891.0857000000001,83.48610000000001,4925.506299999999,1705261.5239660193,3214263.6356111965,235750.93679333423,4129917.342572617,2083028.2585492542,186682.71628395046,327364.23212,599111.0412199999,0.0,722644.7869599999,371939.17118,34847.09814,0.0,0.0
35,2022.0,9.0,752.049,1364.604,0.0,1687.365,856.935,79.61099999999999,4740.564,1705261.5239660193,3214263.6356111965,235750.93679333423,4129917.342572617,2083028.2585492542,186682.71628395046,313905.2526,569585.7096,0.0,704306.151,357684.669,33229.6314,0.0,0.0
36,2023.0,10.0,791.8453999999999,1473.7741,85.0544,1894.3823,953.2748,84.2487,5282.5797,1700904.9675356445,3210039.168244896,202984.39731807305,4005098.5091836643,2038959.432514782,182774.05740885172,337875.671968751,628850.5488162732,36292.20117196986,808321.5392527482,406756.62650926155,35948.413825468604,0.0,0.0
37,2023.0,11.0,762.351,1444.368,0.0,1862.4419999999998,924.438,81.63,5075.229,1700904.9675356445,3210039.168244896,202984.39731807305,4005098.5091836643,2038959.432514782,182774.05740885172,325290.588795552,616303.142722255,0.0,794692.8052531778,394452.13730287284,34831.03027789156,0.0,0.0
38,2023.0,12.0,767.064,1436.0316,5.9128,1800.8240999999998,892.6356999999999,79.3197,4981.7879,1700904.9675356445,3210039.168244896,202984.39731807305,4005098.5091836643,2038959.432514782,182774.05740885172,327301.5975631582,612746.050956867,2522.9562149591716,768400.8177417225,380882.28707370965,33845.2391563552,0.0,0.0
39,2023.0,1.0,814.1654,1492.3369,122.4834,1852.1415,920.2350000000001,82.3639,5283.7261,1700904.9675356445,3210039.168244896,202984.39731807305,4005098.5091836643,2038959.432514782,182774.05740885172,347399.4817911514,636771.1839852361,52262.930465994155,790297.643825058,392658.7424693806,35144.18099602147,105.0,20475.0
40,2023.0,2.0,757.7388000000001,1366.848,0.0,1698.6060000000002,851.648,76.25799999999998,4751.0988,1700904.9675356445,3210039.168244896,202984.39731807305,4005098.5091836643,2038959.432514782,182774.05740885172,323322.59078198235,583225.824736929,0.0,724784.9689600426,363393.08188295714,32538.830171890895,15.0,2925.0000000000005
41,2023.0,3.0,854.2267,1606.4913,0.0,2021.5367000000003,1018.8088,91.6081,5592.6716,1700904.9675356445,3210039.168244896,202984.39731807305,4005098.5091836643,2038959.432514782,182774.05740885172,364493.3976709958,685480.1802213569,0.0,862577.5573388337,434719.5903489203,39088.62556413227,0.0,0.0
42,2023.0,4.0,837.6899999999999,1596.594,55.3203,2112.3869999999997,1056.0390000000002,90.879,5748.9093,1700904.9675356445,3210039.168244896,202984.39731807305,4005098.5091836643,2038959.432514782,182774.05740885172,357437.2871920492,681257.0618093837,23604.83944973716,901342.8341985116,450605.4928780391,38777.52297714697,165.0,32175.000000000004
43,2023.0,5.0,884.0146,1695.1326999999999,6.025,2379.3027,1196.6093,101.07860000000001,6262.1629,1700904.9675356445,3210039.168244896,202984.39731807305,4005098.5091836643,2038959.432514782,182774.05740885172,377203.71552980755,723302.9327299284,2570.8312804642487,1015234.1588137833,510585.99484388856,43129.63098183131,135.0,26325.0
44,2023.0,6.0,829.8330000000001,1558.911,0.0,1978.257,1040.229,90.588,5497.818000000001,1700904.9675356445,3210039.168244896,202984.39731807305,4005098.5091836643,2038959.432514782,182774.05740885172,354084.7525247285,665177.9522422908,0.0,844110.3695265333,443859.4609205054,38653.35502650545,0.0,0.0
45,2023.0,7.0,836.4265,1524.2948,0.0,1865.4965,954.6914999999998,86.025,5266.934300000001,1700904.9675356445,3210039.168244896,202984.39731807305,4005098.5091836643,2038959.432514782,182774.05740885172,356898.1593376315,650407.4277990034,0.0,795996.1420409252,407361.123882711,36706.35035716797,0.0,0.0
46,2023.0,8.0,832.0586,1492.061,0.0,1842.6195000000002,941.8947,86.8434,5195.4772,1700904.9675356445,3210039.168244896,202984.39731807305,4005098.5091836643,2038959.432514782,182774.05740885172,355034.4026654423,636653.4591138203,0.0,786234.6636669534,401900.8062512015,37055.556717322645,0.0,0.0
47,2023.0,9.0,797.853,1418.529,0.0,1795.8690000000001,905.8170000000001,82.81800000000001,5000.886000000001,1700904.9675356445,3210039.168244896,202984.39731807305,4005098.5091836643,2038959.432514782,182774.05740885172,340439.0787738161,605277.7967544681,0.0,766286.5063595105,386506.6685437817,35337.94273618061,0.0,0.0
48,2024.0,10.0,840.0721,1532.0168999999999,0.0,2016.2431,1007.4689999999998,87.63080000000001,5483.4319,1806771.4466390796,3349859.2391879577,50842.786559086184,4274681.104394175,2156654.5588876572,191248.03205498937,350126.08871762303,638515.5334242118,0.0,840331.8125990557,419893.9358589041,36522.85233040864,0.0,0.0
49,2024.0,11.0,808.7819999999999,1501.4489999999998,0.0,1982.2522,976.98,84.90599999999999,5354.369199999999,1806771.4466390796,3349859.2391879577,50842.786559086184,4274681.104394175,2156654.5588876572,191248.03205498937,337084.9695939391,625775.4135377026,0.0,826165.0513544056,407186.69999318314,35387.20746547647,0.0,0.0
50,2024.0,12.0,813.7810000000001,1492.7802000000001,0.0,1916.6277,943.5314999999999,82.5313,5249.251699999999,1806771.4466390796,3349859.2391879577,50842.786559086184,4274681.104394175,2156654.5588876572,191248.03205498937,339168.4578058431,622162.4224172081,0.0,798814.0067130593,393246.000762163,34397.477628147346,0.0,0.0
51,2024.0,1.0,798.7522,1476.1053000000002,0.0,1849.7421,919.1376,81.84620000000001,5125.5833999999995,1806771.4466390796,3349859.2391879577,50842.786559086184,4274681.104394175,2156654.5588876572,191248.03205498937,332904.73953437636,615212.6409439781,0.0,770937.3595544029,383079.08676089003,34111.94096601984,0.0,0.0
52,2024.0,2.0,769.9413000000001,1400.2649999999999,0.0,1756.994,881.0171,78.4885,4886.7059,1806771.4466390796,3349859.2391879577,50842.786559086184,4274681.104394175,2156654.5588876572,191248.03205498937,320896.90386237326,583603.8449773327,0.0,732281.7138199583,367191.18670450186,32712.515407086074,0.0,0.0
53,2024.0,3.0,838.054,1589.0166,0.0,2018.9245999999998,1017.5998000000001,91.04079999999999,5554.6358,1806771.4466390796,3349859.2391879577,50842.786559086184,4274681.104394175,2156654.5588876572,191248.03205498937,349284.98298438767,662271.9253090011,0.0,841449.4108467493,424116.26079932356,37944.07553556816,0.0,0.0
54,2024.0,4.0,821.8290000000001,1579.227,0.0,2109.657,1054.791,90.31800000000001,5655.822,1806771.4466390796,3349859.2391879577,50842.786559086184,4274681.104394175,2156654.5588876572,191248.03205498937,342522.711282419,658191.8060452974,0.0,879264.9511223554,439616.84627373086,37642.826229794184,0.0,0.0
55,2024.0,5.0,867.2777,1676.6939,0.0,2376.2151000000003,1195.2080999999998,100.46170000000001,6215.856500000001,1806771.4466390796,3349859.2391879577,50842.786559086184,4274681.104394175,2156654.5588876572,191248.03205498937,361464.8658526048,698814.1579558437,0.0,990361.302220078,498140.02542950964,41870.52764509526,120.0,23400.000000000004
56,2024.0,6.0,814.122,1541.955,0.0,1975.6860000000001,1039.002,90.0297,5460.7947,1806771.4466390796,3349859.2391879577,50842.786559086184,4274681.104394175,2156654.5588876572,191248.03205498937,339310.580126359,642657.5446662047,0.0,823428.3839615263,433036.2910871433,37522.66826790342,0.0,0.0
57,2024.0,7.0,820.5917000000001,1507.7129,0.0,1863.0776,953.5568999999999,85.4856,5230.4247,1806771.4466390796,3349859.2391879577,50842.786559086184,4274681.104394175,2156654.5588876572,191248.03205498937,342007.02815287537,628386.0880347112,0.0,776495.3425609734,397424.396985332,35628.77373225374,0.0,0.0
58,2024.0,8.0,816.3044,1475.8325,0.0,1840.2250999999999,940.7787,86.3009,5159.441599999999,1806771.4466390796,3349859.2391879577,50842.786559086184,4274681.104394175,2156654.5588876572,191248.03205498937,340220.1629776611,615098.9430875652,0.0,766970.8547909122,392098.6860292706,35968.57528039642,0.0,0.0
59,2024.0,9.0,782.745,1403.1000000000001,0.0,1793.541,904.737,82.29899999999999,4966.4220000000005,1806771.4466390796,3349859.2391879577,50842.786559086184,4274681.104394175,2156654.5588876572,191248.03205498937,326233.24273389846,584785.4191083086,0.0,747513.80897508,377077.1903127316,34300.65940217709,0.0,0.0
60,2025.0,10.0,824.1659999999999,1515.3513,0.0,2013.6390999999999,1006.2692999999999,87.08519999999999,5446.510899999999,1823852.737321955,3385393.617309255,0.0,4376833.035779531,2204102.1318485793,193954.1584634541,352484.8363714796,648095.5960641532,0.0,861206.6606420472,430367.9957146295,37245.18176238473,0.0,0.0
61,2025.0,11.0,793.467,1485.117,0.0,1979.691,975.822,84.378,5318.475,1823852.737321955,3385393.617309255,0.0,4376833.035779531,2204102.1318485793,193954.1584634541,339355.2823838509,635164.7880857772,0.0,846687.5097991071,417346.0904692623,36087.34832952671,0.0,0.0
62,2025.0,12.0,798.374,1476.5424,0.0,1914.1446,942.4092999999999,82.0136,5213.483899999999,1823852.737321955,3385393.617309255,0.0,4376833.035779531,2204102.1318485793,193954.1584634541,341453.94101824594,631497.5457123345,0.0,818654.1863196873,403055.9230852288,35076.12589725368,0.0,0.0
63,2025.0,1.0,791.5757,1464.0711,0.0,1852.6375,916.2360000000001,81.15489999999998,5105.675200000001,1823852.737321955,3385393.617309255,0.0,4376833.035779531,2204102.1318485793,193954.1584634541,338546.39852910634,626163.7365769908,0.0,792348.4177255154,391861.95079347974,34708.87132840203,0.0,0.0
64,2025.0,2.0,736.7136,1340.9564,0.0,1699.0821,847.9548000000001,75.1464,4699.8533,1823852.737321955,3385393.617309255,0.0,4376833.035779531,2204102.1318485793,193954.1584634541,315082.6080530423,573509.2168753485,0.0,726674.8155107223,362658.989728296,32139.115794519257,0.0,0.0
65,2025.0,3.0,828.169607923677,1571.6793479818807,84.96642093836456,2016.3836831984738,1011.535582726674,90.03305723092953,5602.7677,1823852.737321955,3385393.617309255,0.0,4376833.035779531,2204102.1318485793,193954.1584634541,354197.1262304071,672186.3529942111,36339.00813856638,862380.4823716768,432620.3147925794,38505.9410920473,315.0,61425.00000000001
66,2025.0,4.0,814.0765245839935,1565.6633054644083,170.55471449096265,2112.082958881021,1051.037438196384,89.53155838322989,5802.9465,1823852.737321955,3385393.617309255,0.0,4376833.035779531,2204102.1318485793,193954.1584634541,348169.7019312272,669613.3716259247,72943.9829230172,903309.7897318832,449514.7329821317,38291.456705076846,330.0,64350.00000000001
67,2025.0,5.0,858.9012998306761,1661.9320077070568,1102.2643352017233,2378.5078514328097,1190.7547722049972,99.57453362273677,7291.934799999999,1823852.737321955,3385393.617309255,0.0,4376833.035779531,2204102.1318485793,193954.1584634541,367340.6621118403,710786.2151522224,471423.7954874348,1017256.1726892077,509269.97842575033,42586.70363831652,180.0,35100.0
68,2025.0,6.0,806.7117173996013,1529.202791816456,0.0,1978.4970291485304,1035.6235868780084,89.27272180214965,5439.2943,1823852.737321955,3385393.617309255,0.0,4376833.035779531,2204102.1318485793,193954.1584634541,345019.87185415777,654019.6948821394,0.0,846176.8643463554,442922.43378535344,38180.75574200748,162.03937671920096,31597.67846024419
69,2025.0,7.0,813.2199,1495.4214000000002,0.0,1865.9861,950.5561,84.7695,5209.953,1823852.737321955,3385393.617309255,0.0,4376833.035779531,2204102.1318485793,193954.1584634541,347803.3349901974,639571.8429119971,0.0,798057.4364023212,406540.20108863,36254.78767237685,0.0,0.0
70,2025.0,8.0,808.9729,1463.7983,0.0,1843.0771000000002,937.8150999999999,85.57860000000001,5139.242000000001,1823852.737321955,3385393.617309255,0.0,4376833.035779531,2204102.1318485793,193954.1584634541,345986.9495774654,626047.0636453701,0.0,788259.5618037159,401091.044850434,36600.828980933824,0.0,0.0
71,2025.0,9.0,775.713,1391.661,0.0,1796.334,901.884,81.609,4947.201000000001,1823852.737321955,3385393.617309255,0.0,4376833.035779531,2204102.1318485793,193954.1584634541,331762.1327211139,595194.8998982847,0.0,768268.1596408072,385723.79128240613,34903.083858640224,0.0,0.0
72,2026.0,10.0,816.7632,1502.9978,0.0,2016.8104000000003,1003.1103999999999,86.3567,5426.038500000001,1811965.7421247188,3372562.518521728,254947.6831564112,4403154.523903247,2209626.1821310925,193427.91240040664,322837.9991738856,594082.5964180953,0.0,797174.7922152762,396494.54638323083,34133.790850591075,0.0,0.0
73,2026.0,11.0,785.4932848319071,1471.4252467160238,3.246367569381989,1980.7275151785507,971.6941809847291,83.58090471940767,5296.167499999999,1811965.7421247188,3372562.518521728,254947.6831564112,4403154.523903247,2209626.1821310925,193427.91240040664,310478.0925972864,581603.0675521891,1283.1758466618862,782912.4866410552,384076.81099983136,33036.61581319622,0.0,0.0
74,2026.0,12.0,791.2006,1464.5051,3.5122,1917.1272,939.4395000000001,81.32230000000001,5197.1069,1811965.7421247188,3372562.518521728,254947.6831564112,4403154.523903247,2209626.1821310925,193427.91240040664,312733.99517654296,578867.7749731517,1388.250132594761,757773.5008259844,371327.6608506793,32143.86816181053,0.0,0.0
75,2026.0,1.0,778.4845514684407,1451.2345384069188,39.46219095303194,1852.5665006075824,931.3870050602492,81.94081350377697,5135.0756,1811965.7421247188,3372562.518521728,254947.6831564112,4403154.523903247,2209626.1821310925,193427.91240040664,307707.78480696876,573622.3849352263,15598.027396795844,732254.9086353534,368144.79052215937,32388.34497225128,0.0,0.0
76,2026.0,2.0,722.5823407131273,1325.5383732293867,0.0,1694.2011021139656,859.5184464513723,75.65662816264204,4677.463500000002,1811965.7421247188,3372562.518521728,254947.6831564112,4403154.523903247,2209626.1821310925,193427.91240040664,285611.591112588,523939.07590545516,0.0,669658.591382012,339737.6565268949,29904.42573841476,60.0,11700.000000000002
77,2026.0,3.0,817.4297,1563.4726,0.0,2023.68,1031.9434999999999,91.2175,5527.7433,1811965.7421247188,3372562.518521728,254947.6831564112,4403154.523903247,2209626.1821310925,193427.91240040664,323101.4433722156,617986.1751205157,0.0,799890.1054408535,407891.26493516925,36055.09551562058,0.0,0.0
78,2026.0,4.0,800.6347193589805,1552.0277208927052,65.76703970668926,2112.2303308669725,1068.407731385802,90.38655778885001,5689.454099999999,1811965.7421247188,3372562.518521728,254947.6831564112,4403154.523903247,2209626.1821310925,193427.91240040664,316462.9734383218,613462.4136780486,25995.416432200975,834890.9620456552,422304.3035025361,35726.6530479913,150.0,29250.0
79,2026.0,5.0,845.0699264919792,1648.1239928971086,14.377821085372373,2379.644029438822,1210.8660463024758,100.55978378424241,6198.6416,1811965.7421247188,3372562.518521728,254947.6831564112,4403154.523903247,2209626.1821310925,193427.91240040664,334026.6606412889,651445.9175650639,5683.051087122585,940590.2680362097,478613.1055560349,39747.77437850208,75.0,14625.0
80,2026.0,6.0,792.3449459028269,1513.9048186837645,0.0,1975.957668098755,1051.4327300202685,90.01118780054667,5423.628199999999,1811965.7421247188,3372562.518521728,254947.6831564112,4403154.523903247,2209626.1821310925,193427.91240040664,313186.31519001996,598393.7603990614,0.0,781027.1324923784,415594.6776564857,35578.28238685747,46.689694915815835,9104.49050858409
81,2026.0,7.0,799.4654361062144,1481.7359504077258,0.0,1865.1337564873081,965.8747536075575,85.55175212138397,5197.7493,1811965.7421247188,3372562.518521728,254947.6831564112,4403154.523903247,2209626.1821310925,193427.91240040664,316000.7965603839,585678.529019973,0.0,737222.306460472,381776.5943754979,33815.623035768294,0.0,0.0
82,2026.0,8.0,796.2164,1452.1082,0.0,1844.5,954.0808,86.4683,5133.3737,1811965.7421247188,3372562.518521728,254947.6831564112,4403154.523903247,2209626.1821310925,193427.91240040664,314716.5659342074,573967.7128842148,0.0,729066.5023549446,377114.855960969,34177.90243728818,0.0,0.0
83,2026.0,9.0,763.482,1380.546,0.0,1797.723,917.538,82.46100000000001,4941.750000000001,1811965.7421247188,3372562.518521728,254947.6831564112,4403154.523903247,2209626.1821310925,193427.91240040664,301777.799593905,545681.6717593437,0.0,710577.1861279685,362670.7619613723,32593.956546864243,0.0,0.0
84,2027.0,10.0,803.8827,1490.9946,38.5627,2018.3787000000002,1020.4642,87.2557,5459.5386,1786600.9539766444,3345730.613293836,23741.820238008677,4407767.429387865,2236789.8012724943,194554.29247419527,335308.34348643094,621910.297949208,16084.927636039673,841888.0247395497,425646.8767012973,36395.31517066977,0.0,0.0
85,2027.0,11.0,772.9277104681055,1459.339775519263,409.81846807224287,1981.8381651155921,988.299329897234,84.4288509275623,5696.652300000001,1786600.9539766444,3345730.613293836,23741.820238008677,4407767.429387865,2236789.8012724943,194554.29247419527,322396.67582325154,608706.721407519,170939.80460016185,826646.5644839689,412230.5545032767,35216.20523365378,195.0,38025.0
86,2027.0,12.0,778.7262000000001,1452.8088,22.1064,1918.6079,955.7393000000001,82.1748,5210.1633999999995,1786600.9539766444,3345730.613293836,23741.820238008677,4407767.429387865,2236789.8012724943,194554.29247419527,324815.2897823067,605982.5794615428,9220.823342072714,800272.5232785578,398649.40679514693,34276.01572260327,90.0,17550.0
87,2027.0,1.0,765.8817524466776,1431.4839814152724,200.69416119463057,1834.5787050409178,918.7309973602534,80.77990254224838,5232.1495,1786600.9539766444,3345730.613293836,23741.820238008677,4407767.429387865,2236789.8012724943,194554.29247419527,319457.72899377014,597087.7623510443,83711.7489125843,765223.0189588005,383212.835447887,33694.18860293502,240.0,46800.00000000001
88,2027.0,2.0,717.6092000000001,1320.004,0.0,1694.3444000000002,856.2987999999999,75.32000000000001,4663.5764,1786600.9539766444,3345730.613293836,23741.820238008677,4407767.429387865,2236789.8012724943,194554.29247419527,299322.71477246983,550588.232133199,0.0,706729.7431074345,357171.6771083873,31416.803012924625,45.0,8775.0
89,2027.0,3.0,807.9668312239121,1549.520457806691,47.74774814366322,2013.9301779798902,1023.0631123973518,90.38337244849201,5532.6117,1786600.9539766444,3345730.613293836,23741.820238008677,4407767.429387865,2236789.8012724943,194554.29247419527,337011.8796805438,646322.0789618904,19916.11255629587,840032.4971239833,426730.91173628735,37699.90185685173,90.0,17550.0
90,2027.0,4.0,791.4304124662489,1538.3187107826534,198.0210304328671,2102.3693066065985,1059.377645227994,89.57019448363758,5779.0873,1786600.9539766444,3345730.613293836,23741.820238008677,4407767.429387865,2236789.8012724943,194554.29247419527,330114.35696879745,641649.7066881941,82596.75657893968,876921.433431737,441878.10404173966,37360.716355838944,330.0,64350.00000000001
91,2027.0,5.0,835.4473315286127,1633.7464834184907,1089.9863598669422,2368.891707798224,1200.869884155525,99.67113323220545,7228.6129,1786600.9539766444,3345730.613293836,23741.820238008677,4407767.429387865,2236789.8012724943,194554.29247419527,348474.2995526813,681453.6835185481,454645.3366265864,988090.8675364763,500896.0779961197,41573.92935251146,453.29913458379156,88393.33124383936
92,2027.0,6.0,783.6577966846208,1501.3033536310393,0.0,1967.5919492973628,1043.0628455715537,89.2456733753565,5384.3863,1786600.9539766444,3345730.613293836,23741.820238008677,4407767.429387865,2236789.8012724943,194554.29247419527,326872.3131702505,626210.1928262011,0.0,820704.3106862933,435073.0211022586,37225.355021101794,415.92769179833317,81105.89990067497
93,2027.0,7.0,791.3325761603593,1470.562148822439,0.0,1858.7614344519573,958.8938240907581,84.88061761225336,5164.2608,1786600.9539766444,3345730.613293836,23741.820238008677,4407767.429387865,2236789.8012724943,194554.29247419527,330073.54836617335,613387.6971298155,0.0,775309.9022065632,399965.1935975749,35404.64210222443,0.0,0.0
94,2027.0,8.0,787.7107144638358,1440.3974617909896,0.0,1837.1748127809494,946.6847128716513,85.7462039565691,5097.6538,1786600.9539766444,3345730.613293836,23741.820238008677,4407767.429387865,2236789.8012724943,194554.29247419527,328562.82989219914,600805.6733590565,0.0,766305.8841402782,394872.6386037676,35765.6877165373,315.0,61425.00000000001
95,2027.0,9.0,754.295573397723,1367.4682833870982,0.0,1788.0386854183025,909.1132710074244,81.65799396842488,4900.2956,1786600.9539766444,3345730.613293836,23741.820238008677,4407767.429387865,2236789.8012724943,194554.29247419527,314625.0058810049,570386.1084120371,0.0,745810.6632936206,379201.17567280674,34060.4502248618,30.0,5850.000000000001
96,2028.0,10.0,794.5479520736742,1477.5620726503194,86.2970791806792,2008.6875756733093,1011.625536737343,86.44358368467522,5465.1638,1782297.712371461,3350931.2615322485,380897.55749072967,4438157.14419829,2254824.6549493265,195695.72863921116,343256.7014913975,638329.105226506,37281.64004525079,867783.3348545826,437037.49280160066,37344.93220107858,0.0,0.0
97,2028.0,11.0,764.1649738496892,1446.6324456192824,260.438115464376,1972.9890123997557,980.0169650809602,83.67038758593661,5507.9119,1782297.712371461,3350931.2615322485,380897.55749072967,4438157.14419829,2254824.6549493265,195695.72863921116,330130.7965545951,624967.0397585575,112513.19473371205,852361.0169878245,423382.11301324726,36146.869651225636,135.0,26325.0
98,2028.0,12.0,767.4334463639402,1435.4915434715176,121.18632603493839,1903.8858483523818,944.5162633007371,81.15407247648503,5253.6675,1782297.712371461,3350931.2615322485,380897.55749072967,4438157.14419829,2254824.6549493265,195695.72863921116,331542.8259874683,620154.0019640487,52354.32100988772,822507.4076598866,408045.274296458,35059.783563936566,285.0,55575.0
99,2028.0,1.0,758.4591390644445,1424.3072542088012,121.82304881268173,1796.02305954003,925.3328902908838,81.072408083159,5107.0178000000005,1782297.712371461,3350931.2615322485,380897.55749072967,4438157.14419829,2254824.6549493265,195695.72863921116,327665.789851694,615322.2202813621,52629.394855188315,775909.0557230887,399757.76776440314,35024.50331406715,345.0,67275.0
100,2028.0,2.0,735.4675320471569,1359.2197829602333,262.0575588667535,1692.7358152269524,892.4978229485663,78.22968795033782,5020.2082,1782297.712371461,3350931.2615322485,380897.55749072967,4438157.14419829,2254824.6549493265,195695.72863921116,317733.06877911,587203.4508214567,113212.81871373908,731287.4080345982,385572.5233373598,33796.405332682,165.0,32175.000000000004
101,2028.0,3.0,800.6114497267337,1542.651133384175,5.862428419333668,2028.9473922076859,1030.975355074634,90.75664118743734,5499.804399999999,1782297.712371461,3350931.2615322485,380897.55749072967,4438157.14419829,2254824.6549493265,195695.72863921116,345876.2239487369,666448.561368034,2532.6575151291945,876535.8812279777,445396.9062260284,39208.238107131154,0.0,0.0
102,2028.0,4.0,785.1474131771588,1533.229430439782,425.0867949707955,1940.3245637264577,1068.7028787032334,90.04301898257275,5842.5341,1782297.712371461,3350931.2615322485,380897.55749072967,4438157.14419829,2254824.6549493265,195695.72863921116,339195.52687577123,662378.2435644532,183643.90809693438,838249.4823996745,461695.7655741562,38899.94254924376,170.87119739260982,33319.88349155891
103,2028.0,5.0,828.4400214654703,1627.6192463350908,709.1085029767286,1969.9195868517263,1210.8017425733742,100.14609979760954,6446.0352,1782297.712371461,3350931.2615322485,380897.55749072967,4438157.14419829,2254824.6549493265,195695.72863921116,357898.5867492765,703156.0679538359,306345.57058014406,851034.9788470927,523084.6184060579,43264.62587190493,750.4196483175612,146331.8314219244
104,2028.0,6.0,778.1536902227859,1497.72303711804,0.0,1782.9554787267873,1053.183710579505,89.7939489133535,5201.7705,1782297.712371461,3350931.2615322485,380897.55749072967,4438157.14419829,2254824.6549493265,195695.72863921116,336174.133055301,647038.9460158678,0.0,770263.6636800795,454991.2508294659,38792.34052198122,137.45350477685543,26803.43343148681
105,2028.0,7.0,784.5232000000001,1464.8058,0.0,1786.7974,966.859,85.281,5088.2663999999995,1782297.712371461,3350931.2615322485,380897.55749072967,4438157.14419829,2254824.6549493265,195695.72863921116,338925.85736663744,632818.2030061358,0.0,771923.4316276159,417697.67360308743,36842.67851108062,0.0,0.0
106,2028.0,8.0,780.4250000000001,1433.8306,0.0,1850.5419,953.9041,86.0932,5104.7948,1782297.712371461,3350931.2615322485,380897.55749072967,4438157.14419829,2254824.6549493265,195695.72863921116,337155.3731430224,619436.4493281016,0.0,799462.0172486756,412100.96137125144,37193.561163567094,0.0,0.0
107,2028.0,9.0,748.341,1363.17,0.0,1803.639,917.3670000000002,82.101,4914.618,1782297.712371461,3350931.2615322485,380897.55749072967,4438157.14419829,2254824.6549493265,195695.72863921116,323294.6011381267,588910.0041738461,0.0,779199.2568924724,396316.38298887794,35468.87053902076,0.0,0.0
108,2029.0,10.0,787.9425,1472.2272,0.0,2025.0874000000001,1020.2750999999998,86.87750000000001,5392.409700000001,1773184.623912737,3347638.097715896,378730.78217832086,4285253.689537054,2273263.923098493,196753.27555606616,340021.71293373755,635311.8588877236,0.0,873888.2425919772,440280.4610306467,37490.34525412804,0.0,0.0
109,2029.0,11.0,758.592,1442.853,0.0,1989.2364999999998,989.3999999999999,84.17399999999999,5264.255499999999,1773184.623912737,3347638.097715896,378730.78217832086,4285253.689537054,2273263.923098493,196753.27555606616,327356.05866903975,622635.9773353792,0.0,858417.4634066734,426956.8944137927,36323.700859497265,0.0,0.0
110,2029.0,12.0,763.282,1434.5219000000002,0.0,1924.091,955.5595000000001,81.81519999999999,5159.2696,1773184.623912737,3347638.097715896,378730.78217832086,4285253.689537054,2273263.923098493,196753.27555606616,329379.9396421555,619040.8483854594,0.0,830305.1525465221,412353.6654008457,35305.80524342363,0.0,0.0
111,2029.0,1.0,754.3406901798214,1411.9791491058907,307.40949992601804,1805.9624864821137,910.282220983236,80.43315332292042,5270.407200000001,1773184.623912737,3347638.097715896,378730.78217832086,4285253.689537054,2273263.923098493,196753.27555606616,325521.48616245564,609312.9497465946,132656.76713332295,779329.0222925153,392815.1102800609,34709.40908698458,240.0,46800.00000000001
112,2029.0,2.0,711.242,1310.288,0.0,1722.2492,854.1063999999999,75.49080000000001,4673.376399999999,1773184.623912737,3347638.097715896,378730.78217832086,4285253.689537054,2273263.923098493,196753.27555606616,306923.0599319333,565430.0538383463,0.0,743204.1336553863,368573.4950909083,32576.629800700175,45.0,8775.0
113,2029.0,3.0,800.6035359677633,1537.7420887127832,0.0,1901.7543393928795,1020.1893068355336,90.56272328089314,5350.7414,1773184.623912737,3347638.097715896,378730.78217832086,4285253.689537054,2273263.923098493,196753.27555606616,345485.3440201106,663583.5724744177,0.0,820666.1882809156,440243.4386099246,39080.633799945244,15.0,2925.0000000000005
114,2029.0,4.0,785.0852065799464,1528.2598476382188,167.14653251180408,1861.1875523790231,1057.5264629777473,89.84529791326052,5489.050899999999,1773184.623912737,3347638.097715896,378730.78217832086,4285253.689537054,2273263.923098493,196753.27555606616,338788.70189163624,659491.6903223268,72128.93110296535,803160.3570703013,456355.5835793226,38771.042424426654,405.0,78975.00000000001
115,2029.0,5.0,828.1475347005701,1621.9279481507672,377.36995030441074,2154.120387246122,1197.9549211887195,99.90615840941007,6279.4269,1773184.623912737,3347638.097715896,378730.78217832086,4285253.689537054,2273263.923098493,196753.27555606616,357371.43676186993,699912.3910505222,162846.8789438635,929569.9926541753,516954.83403927187,43112.616866074546,315.0,61425.00000000001
116,2029.0,6.0,777.8957861623471,1492.48491623319,0.0,2002.6895539355214,1041.9102585492742,89.5748157136783,5404.461899999999,1773184.623912737,3347638.097715896,378730.78217832086,4285253.689537054,2273263.923098493,196753.27555606616,335686.24321553623,644053.6939502249,0.0,864222.8748971642,449616.7053245098,38654.32093672923,375.0,73125.0
117,2029.0,7.0,785.1029,1461.2222000000002,0.0,1891.3596,957.4412,85.16009999999999,5180.286,1773184.623912737,3347638.097715896,378730.78217832086,4285253.689537054,2273263.923098493,196753.27555606616,338796.3371530852,630562.8588644534,0.0,816180.5347035713,413165.6775175006,36749.233701200756,0.0,0.0
118,2029.0,8.0,780.2523466531604,1428.9085050507315,0.0,1866.2464374803064,943.653148516402,85.88901326572059,5104.880700000001,1773184.623912737,3347638.097715896,378730.78217832086,4285253.689537054,2273263.923098493,196753.27555606616,336703.17241369264,616618.4937516835,0.0,805343.423445923,407215.70415844006,37063.782462297466,0.0,0.0
119,2029.0,9.0,748.896,1359.834,0.0,1820.754,908.424,81.9864,4919.8944,1773184.623912737,3347638.097715896,378730.78217832086,4285253.689537054,2273263.923098493,196753.27555606616,323171.9328875195,586810.6949244852,0.0,785712.0207514563,392013.23008990835,35379.683371909225,0.0,0.0
120,2030.0,10.0,787.2289533882373,1466.1998476128852,0.0,2041.0368943114827,1008.7202467086113,86.6111829845978,5389.756199999999,1766787.729168638,3331697.441861477,162171.1390980173,4371527.421500116,2257024.9479823485,196395.49259010763,346533.38753192517,645412.2371964036,0.0,898452.0018213628,444032.50497772836,38125.714899866354,360.0,70200.0
121,2030.0,11.0,758.4268106988894,1437.9589589109653,3.514819617836136,2008.0253756762168,978.8682495478382,83.97708554825424,5270.771300000001,1766787.729168638,3331697.441861477,162171.1390980173,4371527.421500116,2257024.9479823485,196395.49259010763,333854.8598541007,632980.7701032948,1547.2021747804558,883920.5325060943,430891.8377598975,36966.20126183692,0.0,0.0
122,2030.0,12.0,763.8462,1431.0127,0.0,1943.1915999999999,946.2502000000001,81.7005,5166.001200000001,1766787.729168638,3331697.441861477,162171.1390980173,4371527.421500116,2257024.9479823485,196395.49259010763,336240.44199610036,629923.0692645103,0.0,855381.0995814464,416533.57113892614,35964.062178096065,0.0,0.0
123,2030.0,1.0,776.9375,1442.74,0.0,1898.3935000000001,930.8742000000001,81.8493,5130.7945,1766787.729168638,3331697.441861477,162171.1390980173,4371527.421500116,2257024.9479823485,196395.49259010763,342003.1524714599,635085.3552527379,0.0,835661.2489824838,409765.1496476207,36029.563031237725,0.0,0.0
124,2030.0,2.0,721.8574864071148,1319.1094946801709,43.43964626848021,1718.4476410306943,859.9241412585135,75.64899035502648,4738.4274000000005,1766787.729168638,3331697.441861477,162171.1390980173,4371527.421500116,2257024.9479823485,196395.49259010763,317757.2661718057,580663.9602743501,19121.867545414298,756450.178540283,378533.3661931939,33300.22451317142,45.0,8775.0
125,2030.0,3.0,815.1667,1553.1000000000001,4.2019,2072.1298,1030.5299000000002,91.0439,5566.172200000002,1766787.729168638,3331697.441861477,162171.1390980173,4371527.421500116,2257024.9479823485,196395.49259010763,358831.4133244396,683665.1546661403,1849.6507716126812,912138.9094104168,453632.9814381445,40076.96991494984,15.0,2925.0000000000005
126,2030.0,4.0,799.386,1543.53,167.3884,2079.0352000000003,1068.162,90.321,5747.822600000001,1766787.729168638,3331697.441861477,162171.1390980173,4371527.421500116,2257024.9479823485,196395.49259010763,351884.84535956936,679452.4989902952,73683.35353507033,915178.6244056082,470198.402510137,39758.753740648026,60.0,11700.000000000002
127,2030.0,5.0,843.3309126878984,1638.301139702969,79.32888405145782,2373.1342139341928,1209.9691683970584,100.4358812264237,6244.5002,1766787.729168638,3331697.441861477,162171.1390980173,4371527.421500116,2257024.9479823485,196395.49259010763,371229.1281034765,721170.1771069115,34920.09129130914,1044639.2179594547,532621.0537978469,44211.26281159813,255.0,49725.0
128,2030.0,6.0,791.889,1507.1009999999999,0.0,2027.3088,1052.175,90.033,5468.5068,1766787.729168638,3331697.441861477,162171.1390980173,4371527.421500116,2257024.9479823485,196395.49259010763,348584.7116498713,663416.6752060361,0.0,892408.9783710175,463161.0225425575,39631.97789585771,195.0,38025.0
129,2030.0,7.0,798.1818000000001,1473.6346,0.0,1912.0397,965.712,85.4887,5235.056799999999,1766787.729168638,3331697.441861477,162171.1390980173,4371527.421500116,2257024.9479823485,196395.49259010763,351354.76385853987,648684.9698862764,0.0,841668.2230560173,425100.5368894132,37631.60473099431,0.0,0.0
130,2030.0,8.0,794.0123,1442.4733999999999,0.0,1888.5107,952.7788,86.30399999999999,5164.0792,1766787.729168638,3331697.441861477,162171.1390980173,4371527.421500116,2257024.9479823485,196395.49259010763,349519.375369466,634967.9995575256,0.0,831310.9006529914,419407.42107051675,37990.49482216636,0.0,0.0
131,2030.0,9.0,761.37,1371.384,0.0,1840.659,916.281,82.302,4971.996,1766787.729168638,3331697.441861477,162171.1390980173,4371527.421500116,2257024.9479823485,196395.49259010763,335150.4338472469,603674.8789303136,0.0,810246.8739441268,403341.31194555765,36228.83881226752,0.0,0.0
132,2031.0,10.0,801.66,1481.0994,0.0,2066.6956,1019.0691999999999,87.0883,5455.6125,1803821.2056205107,3378280.22688306,57090.06805643868,4561842.917283221,2284618.3040027074,198503.86459020033,386243.9131415926,713601.3122865865,0.0,995744.5747779752,490992.7844348879,41959.59107458145,0.0,0.0
133,2031.0,11.0,771.801,1451.547,0.0,2031.8759999999997,988.23,84.38100000000001,5327.835,1803821.2056205107,3378280.22688306,57090.06805643868,4561842.917283221,2284618.3040027074,198503.86459020033,371857.69329465646,699362.8138973372,0.0,978968.3123250337,476134.2991840881,40655.200003493665,0.0,0.0
134,2031.0,12.0,774.7182810214299,1439.6956033100912,278.33289428322837,1959.771900230089,952.0579200189472,81.81250113621448,5486.3891,1803821.2056205107,3378280.22688306,57090.06805643868,4561842.917283221,2284618.3040027074,198503.86459020033,373263.2543023789,693652.7499878198,134102.22069702783,944228.186026251,458706.4049167522,39417.68403406989,105.0,20475.0
135,2031.0,1.0,771.8232312858955,1437.6052458756312,3.504900318409505,1907.5387962525988,939.0054064129539,81.76921985451115,5141.2468,1803821.2056205107,3378280.22688306,57090.06805643868,4561842.917283221,2284618.3040027074,198503.86459020033,371868.4044425976,692645.6050194412,1688.6790087489724,919062.0077514244,452417.63669641846,39396.83088983059,165.0,32175.000000000004
136,2031.0,2.0,719.7932000000001,1319.4132,0.0,1753.1274,870.8616000000001,75.8716,4739.067,1803821.2056205107,3378280.22688306,57090.06805643868,4561842.917283221,2284618.3040027074,198503.86459020033,346800.06763554254,635700.0691298939,0.0,844665.802474548,419585.6001156954,36555.32729625235,0.0,0.0
137,2031.0,3.0,811.4467,1550.7378,0.0,2086.4271000000003,1041.7085,91.1493,5581.4694,1803821.2056205107,3378280.22688306,57090.06805643868,4561842.917283221,2284618.3040027074,198503.86459020033,390959.1955614998,747153.4517483527,0.0,1005251.3130113329,501900.51567105594,43916.201771470405,0.0,0.0
138,2031.0,4.0,794.5511882166358,1538.9606257962237,53.50622588386454,2126.536164755459,1078.1943513293259,90.29524401849105,5682.0438,1803821.2056205107,3378280.22688306,57090.06805643868,4561842.917283221,2284618.3040027074,198503.86459020033,382818.8510442026,741479.1486145842,25779.574960484253,1024576.0668017151,519479.58658857865,43504.7132048212,30.0,5850.000000000001
139,2031.0,5.0,837.7186094412382,1632.5047607633692,184.83544879669554,2118.2896284547846,1220.7503846834634,100.3560678604487,6094.4549,1803821.2056205107,3378280.22688306,57090.06805643868,4561842.917283221,2284618.3040027074,198503.86459020033,403617.13671895483,786549.1941964463,89054.6703471773,1020602.8431774396,588163.817016248,48352.06990235626,315.0,61425.00000000001
140,2031.0,6.0,788.277,1504.809,0.0,1991.811,1063.563,90.135,5438.595,1803821.2056205107,3378280.22688306,57090.06805643868,4561842.917283221,2284618.3040027074,198503.86459020033,379795.9148760262,725024.7195702503,0.0,959664.7891605776,512430.12622883974,43427.50681213663,0.0,0.0
141,2031.0,7.0,794.301706558293,1470.9481922443454,0.0,1924.6346306811479,975.9109747633265,85.5617233441006,5251.344099999999,1803821.2056205107,3378280.22688306,57090.06805643868,4561842.917283221,2284618.3040027074,198503.86459020033,382698.6494974429,708710.4081543392,0.0,927298.8687499819,470198.9294344401,41224.07858638796,0.0,0.0
142,2031.0,8.0,790.3915000000001,1440.2817,0.0,1901.5431,963.139,86.40320000000001,5181.7585,1803821.2056205107,3378280.22688306,57090.06805643868,4561842.917283221,2284618.3040027074,198503.86459020033,380814.6918567137,693935.1343889247,0.0,916173.2504445709,464045.32627208583,41629.506369228424,0.0,0.0
143,2031.0,9.0,757.3200571165912,1368.2230281126547,0.0,1851.9097842962713,925.5135066792882,82.33454598136888,4985.2690999999995,1803821.2056205107,3378280.22688306,57090.06805643868,4561842.917283221,2284618.3040027074,198503.86459020033,364880.70049812464,659216.8954777225,0.0,892259.663537902,445917.1699788012,39669.20792677731,0.0,0.0
144,2032.0,10.0,798.0020000000001,1478.8488,0.0,2080.9525,1030.1207,87.1876,5475.1116,1814088.1482422657,3398514.278940718,100241.25881397429,4570997.028551507,2319785.2475490263,199865.6229168624,390051.0292563352,722838.4096211491,0.0,1017137.3811826834,503507.05799391033,42615.949732443834,0.0,0.0
145,2032.0,11.0,767.1574237428886,1447.239317550076,13.378115329474415,2043.035690225061,997.5099373706789,84.35321578182041,5352.673700000001,1814088.1482422657,3398514.278940718,100241.25881397429,4570997.028551507,2319785.2475490263,199865.6229168624,374974.6776731789,707388.1837271627,6539.015759072598,998604.2312922926,487567.42184212035,41230.5465860747,0.0,0.0
146,2032.0,12.0,773.0283999999999,1440.9761,0.0,1977.9984000000002,964.8099,82.1128,5238.9256,1814088.1482422657,3398514.278940718,100241.25881397429,4570997.028551507,2319785.2475490263,199865.6229168624,377844.32001972164,704326.8199061904,0.0,966815.0102222603,471584.1495781988,40135.46602028516,0.0,0.0
147,2032.0,1.0,768.3815,1431.2638000000002,0.0,1907.5075,937.1486,81.4587,5125.7601,1814088.1482422657,3398514.278940718,100241.25881397429,4570997.028551507,2319785.2475490263,199865.6229168624,375572.98720620584,699579.5979550596,0.0,932360.1490838102,458063.7341712596,39815.752061878324,0.0,0.0
148,2032.0,2.0,739.8132713983198,1356.12407961406,38.72511348114949,1797.8988102343008,897.1577357591927,78.02288951297689,4907.7419,1814088.1482422657,3398514.278940718,100241.25881397429,4570997.028551507,2319785.2475490263,199865.6229168624,361609.2791326476,662852.4653481625,18928.236234233424,878785.1176195416,438516.8185520291,38136.381061814325,0.0,0.0
149,2032.0,3.0,806.1891,1540.7465000000002,0.0,2082.0901999999996,1037.4460000000001,90.61609999999999,5557.0879,1814088.1482422657,3398514.278940718,100241.25881397429,4570997.028551507,2319785.2475490263,199865.6229168624,394052.7570485269,753093.0475714296,0.0,1017693.4713378269,507087.55128166085,44291.74747957397,0.0,0.0
150,2032.0,4.0,789.6085407908413,1529.430875714514,2.459102936509616,2168.257243202408,1074.0576640775203,89.79067327820644,5653.6041,1814088.1482422657,3398514.278940718,100241.25881397429,4570997.028551507,2319785.2475490263,199865.6229168624,385948.4362759248,747562.1455195153,1201.9714630199574,1059810.5886997816,524982.7661510771,43888.29167067719,0.0,0.0
151,2032.0,5.0,834.303,1625.7609,26.4958,2197.4621,1218.3682,99.99669999999999,6002.3867,1814088.1482422657,3398514.278940718,100241.25881397429,4570997.028551507,2319785.2475490263,199865.6229168624,407794.3963318991,794646.7707721356,12950.737041974839,1074085.4707842683,595519.5230377723,48876.83960345583,60.0,11700.000000000002
152,2032.0,6.0,783.168,1495.113,0.0,2033.3255999999997,1059.219,89.61,5460.4356,1814088.1482422657,3398514.278940718,100241.25881397429,4570997.028551507,2319785.2475490263,199865.6229168624,382800.3995987798,730788.0989076807,0.0,993858.0894449576,517729.85676460224,43799.981368041925,0.0,0.0
153,2032.0,7.0,788.8428422132031,1460.8873373964057,0.0,1919.8157199094987,971.5058366988396,85.02529014799612,5226.072299999999,1814088.1482422657,3398514.278940718,100241.25881397429,4570997.028551507,2319785.2475490263,199865.6229168624,385574.1746596533,714059.124637551,0.0,938376.2165172418,474857.01982315764,41559.04613653151,0.0,0.0
154,2032.0,8.0,785.2702999999999,1431.0003,0.0,1897.5534,959.1895999999999,85.89480000000002,5158.9084,1814088.1482422657,3398514.278940718,100241.25881397429,4570997.028551507,2319785.2475490263,199865.6229168624,383827.97130762966,699450.8032324786,0.0,927494.739034311,468837.0339071486,41984.049097329415,0.0,0.0
155,2032.0,9.0,752.985,1360.479,0.0,1849.482,922.446,81.912,4967.304000000001,1814088.1482422657,3398514.278940718,100241.25881397429,4570997.028551507,2319785.2475490263,199865.6229168624,368047.4162528183,664981.0830444405,0.0,903998.1825748122,450877.3308004107,40037.31808747964,0.0,0.0
156,2033.0,10.0,792.8312,1469.3193999999999,0.0,2076.628,1025.9047,86.676,5451.3593,1814867.2284831116,3402434.249188894,15672.065055070945,4631617.489551335,2333458.9964620504,200300.175358681,396804.7859202134,735380.9612505365,0.0,1039333.3776167247,513455.94731645373,43380.547617727985,0.0,0.0
157,2033.0,11.0,762.0045378759711,1437.5673287692855,290.9972516003783,2018.4510952466055,993.1822589052118,83.83862760254797,5586.0410999999995,1814867.2284831116,3402434.249188894,15672.065055070945,4631617.489551335,2333458.9964620504,200300.175358681,381376.32262971724,719489.3391407772,145641.47087634617,1010216.3672919906,497078.6639383472,41960.46860627274,0.0,0.0
158,2033.0,12.0,766.093960479388,1428.0667051579035,101.06442869142921,1928.714867941513,958.3533322469258,81.41310548284046,5263.706400000001,1814867.2284831116,3402434.249188894,15672.065055070945,4631617.489551335,2333458.9964620504,200300.175358681,383423.0413520456,714734.3636576947,50581.82497239166,965304.2038137055,479647.1037443589,40746.51690324279,240.0,46800.00000000001
159,2033.0,1.0,765.0427999999999,1431.8373,0.0,1918.4939,942.1396,81.3037,5138.817300000001,1814867.2284831116,3402434.249188894,15672.065055070945,4631617.489551335,2333458.9964620504,200300.175358681,382896.9451174482,716621.511992813,0.0,960188.7025620779,471532.2786047717,40691.76045672932,0.0,0.0
160,2033.0,2.0,712.0176,1311.4332,0.0,1759.5564,871.906,75.2808,4730.1939999999995,1814867.2284831116,3402434.249188894,15672.065055070945,4631617.489551335,2333458.9964620504,200300.175358681,356358.3160443536,656360.3578853359,0.0,880641.9331334858,436381.0022518659,37677.35392843067,0.0,0.0
161,2033.0,3.0,802.683,1541.3603,0.0,2094.0840999999996,1042.9515999999999,90.44560000000001,5571.524599999999,1814867.2284831116,3402434.249188894,15672.065055070945,4631617.489551335,2333458.9964620504,200300.175358681,401735.52198348736,771436.7747730109,0.0,1048069.9964878054,521987.76531895314,45267.19804344892,0.0,0.0
162,2033.0,4.0,787.146,1531.866,8.374099999999999,2172.891,1080.996,89.7301,5671.0032,1814867.2284831116,3402434.249188894,15672.065055070945,4631617.489551335,2333458.9964620504,200300.175358681,393959.3951624914,766684.9641997612,4191.160688144536,1087512.1313123885,541028.6405991679,44909.096817959915,45.0,8775.0
163,2033.0,5.0,828.2002720123022,1621.7504486100477,456.8049223184849,2277.9767514218993,1221.5888304984635,99.5398751388024,6505.861099999999,1814867.2284831116,3402434.249188894,15672.065055070945,4631617.489551335,2333458.9964620504,200300.175358681,414506.68393840216,811671.3110895737,228626.6981015456,1140106.5916416885,611394.0702238593,49818.79982142133,615.0,119925.0
164,2033.0,6.0,779.752880613677,1495.690959274372,0.0,2048.8863264388833,1064.8188843514436,89.44088075767246,5478.589000000001,1814867.2284831116,3402434.249188894,15672.065055070945,4631617.489551335,2333458.9964620504,200300.175358681,390259.2063261131,748579.6861900311,0.0,1025448.9229705309,532932.1417331647,44764.345224511286,90.0,17550.0
165,2033.0,7.0,784.3640210700999,1459.4961145287937,0.0,1928.1710734175806,975.3169097338118,84.7481446112691,5231.9495,1814867.2284831116,3402434.249188894,15672.065055070945,4631617.489551335,2333458.9964620504,200300.175358681,392567.0400764232,730464.4964489052,0.0,965032.0396132381,488137.2195888473,42415.67357542176,195.0,38025.0
166,2033.0,8.0,781.7813812849319,1431.4338718310346,0.0,1908.3017333157802,964.2010499061848,85.72555703560369,5171.436900000001,1814867.2284831116,3402434.249188894,15672.065055070945,4631617.489551335,2333458.9964620504,200300.175358681,391274.452414557,716419.5998730321,0.0,955087.6160770922,482573.83310857177,42904.85958095969,75.0,14625.0
167,2033.0,9.0,749.712,1361.0220000000002,0.0,1860.144,927.3629999999999,81.759,4980.0,1814867.2284831116,3402434.249188894,15672.065055070945,4631617.489551335,2333458.9964620504,200300.175358681,375224.019516153,681179.1000943212,0.0,930985.1096939291,464136.7250498301,40919.63395493357,0.0,0.0
168,2034.0,10.0,789.384,1469.9053,0.0,2088.5878,1031.3545,86.5148,5465.746399999999,1812520.4862788608,3410454.366768189,166862.9867164576,4670131.386073432,2349192.030054182,200471.60796314795,397667.3877193736,740493.0944202848,0.0,1052166.3150615587,519564.6856632775,43583.496137575705,0.0,0.0
169,2034.0,11.0,747.0674556883603,1416.2407371067925,0.0,2019.8942947656158,983.3731603162378,82.39674557451069,5248.429300000001,1812520.4862788608,3410454.366768189,166862.9867164576,4670131.386073432,2349192.030054182,200471.60796314795,376349.61381754524,713458.5376787703,0.0,1017560.6392689855,495393.1620305239,41508.94693735054,0.0,0.0
170,2034.0,12.0,762.8812619787013,1428.8717152254937,248.40124786870814,1910.865664485048,963.6301856180272,81.27242482402193,5395.9225,1812520.4862788608,3410454.366768189,166862.9867164576,4670131.386073432,2349192.030054182,200471.60796314795,384316.12319369183,719821.6360856348,125136.91099158558,962635.3676770927,485447.258422081,40942.54871315858,0.0,0.0
171,2034.0,1.0,757.1657,1417.9895999999999,0.0,1905.7591,931.8630999999999,80.2404,5093.017900000001,1812520.4862788608,3410454.366768189,166862.9867164576,4670131.386073432,2349192.030054182,200471.60796314795,381436.7988073117,714339.5610314364,0.0,960062.8375029447,469443.9774420021,40422.64633886375,0.0,0.0
172,2034.0,2.0,704.69,1298.752,44.6664,1715.4261000000001,862.3999999999999,74.3008,4700.2353,1812520.4862788608,3410454.366768189,166862.9867164576,4670131.386073432,2349192.030054182,200471.60796314795,355001.15463698964,654271.3243938462,22501.558945745834,864178.924341807,434450.6034695253,37430.45848593287,105.0,20475.0
173,2034.0,3.0,791.4890833708093,1520.9287503245198,22.165573961075246,2049.574674057105,1027.812993134002,88.95922515248877,5500.9303,1812520.4862788608,3410454.366768189,166862.9867164576,4670131.386073432,2349192.030054182,200471.60796314795,398727.8639958135,766197.1398569559,11166.334628522192,1032512.7017624825,517780.58339620393,44814.922369758955,135.0,26325.0
174,2034.0,4.0,779.043,1517.052,12.4761,2156.4664000000002,1069.2869999999998,88.578,5622.902499999999,1812520.4862788608,3410454.366768189,166862.9867164576,4670131.386073432,2349192.030054182,200471.60796314795,392457.9098779099,764244.1522433329,6285.07557275759,1086361.466653241,538673.9128387271,44622.87285960531,45.0,8775.0
175,2034.0,5.0,819.8446860168464,1606.382511880823,60.463948394933766,2370.3593677156327,1208.6101709880406,98.29081500372322,6163.9515,1812520.4862788608,3410454.366768189,166862.9867164576,4670131.386073432,2349192.030054182,200471.60796314795,413012.5447487273,809246.1174507368,30459.878094073763,1194114.1671425083,608860.6425616426,49515.89041498033,105.0,20475.0
176,2034.0,6.0,771.7379999999999,1481.2469999999998,0.0,2035.278,1053.2849999999999,88.293,5429.8409999999985,1812520.4862788608,3410454.366768189,166862.9867164576,4670131.386073432,2349192.030054182,200471.60796314795,388777.87548743567,746206.6941528571,0.0,1025310.4769576166,530612.5972581157,44479.29862260529,225.0,43875.0
177,2034.0,7.0,777.8706000000001,1448.3541,0.0,1919.4425,966.7349999999999,83.8209,5196.2231,1812520.4862788608,3410454.366768189,166862.9867164576,4670131.386073432,2349192.030054182,200471.60796314795,391867.2908061245,729636.2625029699,0.0,966956.1136944045,487011.36844284734,42226.392147911334,0.0,0.0
178,2034.0,8.0,773.8065,1417.7261,0.0,1895.8018,953.7863,84.62070000000001,5125.741400000001,1812520.4862788608,3410454.366768189,166862.9867164576,4670131.386073432,2349192.030054182,200471.60796314795,389819.92218650423,714206.8178333682,0.0,955046.6559237157,480488.21152129606,42629.30679616613,0.0,0.0
179,2034.0,9.0,741.996,1347.8609999999999,0.0,1847.7839999999999,917.25,80.694,4935.585,1812520.4862788608,3410454.366768189,166862.9867164576,4670131.386073432,2349192.030054182,200471.60796314795,373794.7703756655,679010.9286213333,0.0,930856.7647047001,462082.3469763707,40651.15607185746,0.0,0.0
180,2035.0,10.0,781.2588999999999,1455.6918,0.0,2074.7338999999997,1020.1417999999999,85.3926,5417.219,1794396.72117492,3381914.2197313216,75571.07902265819,4655911.696973852,2330246.8026572997,198184.65038699284,409708.4766136281,763395.168742334,0.0,1088033.769020297,534983.6562602799,44781.66208420397,0.0,0.0
181,2035.0,11.0,752.16,1426.6470000000002,0.0,2039.7912,989.277,82.73700000000001,5290.6122000000005,1794396.72117492,3381914.2197313216,75571.07902265819,4655911.696973852,2330246.8026572997,198184.65038699284,394448.40598898334,748163.4692870735,0.0,1069709.087681285,518797.51081094914,43389.01000626265,0.0,0.0
182,2035.0,12.0,755.9037733880754,1416.7069732604184,12.72507707008392,1969.6938724862919,954.2640955644832,80.30840823064715,5189.602199999999,1794396.72117492,3381914.2197313216,75571.07902265819,4655911.696973852,2330246.8026572997,198184.65038699284,396411.71890818974,742950.7117582021,6673.296062515375,1032948.5857909031,500436.01280037395,42115.40578346537,0.0,0.0
183,2035.0,1.0,765.9029998696761,1431.4900446025586,43.014942144163186,1926.2427817325167,941.3049291242918,80.57180252679366,5188.527499999999,1794396.72117492,3381914.2197313216,75571.07902265819,4655911.696973852,2330246.8026572997,198184.65038699284,401655.5220176216,750703.2629793899,22557.93363443085,1010161.9267206131,493639.95538535656,42253.535250947796,0.0,0.0
184,2035.0,2.0,714.5824,1314.3844000000001,0.0,1778.8806,873.4068,74.79920000000001,4756.0534,1794396.72117492,3381914.2197313216,75571.07902265819,4655911.696973852,2330246.8026572997,198184.65038699284,374741.92808416043,689290.6182684354,0.0,932882.1223073896,458032.75904054823,39226.26197783871,0.0,0.0
185,2035.0,3.0,804.7245164059522,1543.227824326392,0.0,2110.997161790848,1043.6366775840986,89.78180658121256,5592.3067,1794396.72117492,3381914.2197313216,75571.07902265819,4655911.696973852,2330246.8026572997,198184.65038699284,422014.33572189865,809300.88728913,0.0,1107050.9805302967,547304.8605412228,47083.45364386634,0.0,0.0
186,2035.0,4.0,786.5339039430229,1528.824751038863,468.8504864408698,2025.7861741054276,1078.3754839707044,88.78460050111201,5977.155400000001,1794396.72117492,3381914.2197313216,75571.07902265819,4655911.696973852,2330246.8026572997,198184.65038699284,412474.79880160803,801747.6149805677,245874.98274803304,1062364.559735172,565522.6158129158,46560.49795792428,60.0,11700.000000000002
187,2035.0,5.0,832.2051775115908,1627.3174636856525,145.52546075337295,2375.2339227415073,1224.9900994382401,99.02707586963623,6304.2992,1794396.72117492,3381914.2197313216,75571.07902265819,4655911.696973852,2330246.8026572997,198184.65038699284,436425.7680882072,853399.2496129026,76316.58958862518,1245622.2541431976,642410.3808706924,51931.86586168917,90.0,17550.0
188,2035.0,6.0,781.8806377257335,1497.776575140704,0.0,2070.8057277339035,1065.7574734685722,88.80221657699244,5504.972900000001,1794396.72117492,3381914.2197313216,75571.07902265819,4655911.696973852,2330246.8026572997,198184.65038699284,410034.52885631425,785465.303382112,0.0,1085973.7534799709,558905.4676937413,46569.73619586675,15.0,2925.0000000000005
189,2035.0,7.0,788.3573147775796,1464.9705079651717,0.0,1948.9802255257152,978.5030632325795,84.33429409692395,5265.1141,1794396.72117492,3381914.2197313216,75571.07902265819,4655911.696973852,2330246.8026572997,198184.65038699284,413431.033508524,768261.1169003047,0.0,1022085.916909524,513147.4334548877,44226.66437558203,0.0,0.0
190,2035.0,8.0,784.672,1434.7916,0.0,1930.5994,965.9569,85.18489999999998,5201.2047999999995,1794396.72117492,3381914.2197313216,75571.07902265819,4655911.696973852,2330246.8026572997,198184.65038699284,411498.37750503555,752434.6675526256,0.0,1012446.6282882467,506567.9635437404,44672.73986828725,0.0,0.0
191,2035.0,9.0,752.412,1364.0849999999998,0.0,1881.708,928.9620000000001,81.234,5008.401,1794396.72117492,3381914.2197313216,75571.07902265819,4655911.696973852,2330246.8026572997,198184.65038699284,394580.5600497007,715354.6504513432,0.0,986806.9574780869,487167.0656832828,42600.80542984082,0.0,0.0
192,2036.0,10.0,792.2267,1473.2130000000002,0.0,2112.8514999999998,1033.1245999999999,85.963,5497.3788,1823857.6699825246,3432930.9183520954,131410.55233375044,4732599.345446278,2365878.023611508,200211.0811410454,406421.7356602156,755775.8208063339,0.0,1083917.9919362601,530005.2284090727,44100.04316006909,0.0,0.0
193,2036.0,11.0,762.230514388801,1442.8833157338058,447.9149034110818,2040.7343764157895,1001.2033440328945,83.23364601762711,5778.2001,1823857.6699825246,3432930.9183520954,131410.55233375044,4732599.345446278,2365878.023611508,200211.0811410454,391033.3350682013,740216.3314310162,229785.68189182426,1046921.0483367613,513629.2437892599,42699.852049687295,0.0,0.0
194,2036.0,12.0,766.371113096237,1433.4563237905843,114.34291329069157,1979.7267724970807,966.2052505864173,80.82712673898894,5340.9295,1823857.6699825246,3432930.9183520954,131410.55233375044,4732599.345446278,2365878.023611508,200211.0811410454,393157.5115360591,735380.1722513029,58659.276795453115,1015623.4206840798,495674.8048851992,41465.278988562364,345.0,67275.0
195,2036.0,1.0,724.1321,1383.0092,0.0,1874.849,935.5117999999999,79.4871,4996.9892,1823857.6699825246,3432930.9183520954,131410.55233375044,4732599.345446278,2365878.023611508,200211.0811410454,371488.39458361705,709500.1967215271,0.0,961819.8738830937,479928.6990537083,40777.829306431006,0.0,0.0
196,2036.0,2.0,698.0155000000001,1311.9513,0.0,1773.2769,896.6945,76.2352,4756.173400000001,1823857.6699825246,3432930.9183520954,131410.55233375044,4732599.345446278,2365878.023611508,200211.0811410454,358090.2676313904,673046.6474402796,0.0,909712.1764567725,460014.9616858018,39109.565863412165,0.0,0.0
197,2036.0,3.0,758.8306006882513,1487.0165009857385,0.0,2041.8387173033814,1034.389582817363,88.34990212452266,5410.3668,1823857.6699825246,3432930.9183520954,131410.55233375044,4732599.345446278,2365878.023611508,200211.0811410454,389289.1388333706,762857.1812664286,0.0,1047487.5883691732,530654.1796653394,45324.5523874147,0.0,0.0
198,2036.0,4.0,737.9016725258751,1465.9567624141637,0.0,1914.421040400989,1063.8191134313468,86.95328479798252,5268.603400000001,1823857.6699825246,3432930.9183520954,131410.55233375044,4732599.345446278,2365878.023611508,200211.0811410454,378552.34933957946,752053.284474248,0.0,982120.8020686575,545751.8794926752,44608.07105965135,0.0,0.0
199,2036.0,5.0,786.2592,1570.9467,0.0,1974.3551,1216.2664,97.6408,5645.468199999999,1823857.6699825246,3432930.9183520954,131410.55233375044,4732599.345446278,2365878.023611508,200211.0811410454,403360.3370636367,805914.3733020965,0.0,1012867.6886951658,623959.153753846,50090.89368895542,0.0,0.0
200,2036.0,6.0,738.069,1444.704,0.0,2002.263,1057.3859999999997,87.47980000000001,5329.901799999999,1823857.6699825246,3432930.9183520954,131410.55233375044,4732599.345446278,2365878.023611508,200211.0811410454,378638.19032733893,741150.3641511401,0.0,1027184.7738888757,542451.6156585136,44878.179631169376,0.0,0.0
201,2036.0,7.0,743.5303487094277,1411.8560991864977,0.0,1887.2687226642238,969.9737037572751,82.9942014690657,5095.5979,1823857.6699825246,3432930.9183520954,131410.55233375044,4732599.345446278,2365878.023611508,200211.0811410454,381439.9272815861,724298.9996851126,0.0,968191.3395779666,497608.0662590639,42577.01414354161,0.0,0.0
202,2036.0,8.0,740.0475,1382.7519,0.0,1865.0471000000002,957.5187,83.8333,5029.1984999999995,1823857.6699825246,3432930.9183520954,131410.55233375044,4732599.345446278,2365878.023611508,200211.0811410454,379653.1843991163,709368.1987560642,0.0,956791.3824036121,491218.500943118,43007.48168690041,0.0,0.0
203,2036.0,9.0,709.623,1314.6090000000002,0.0,1817.811,920.841,79.941,4842.825000000001,1823857.6699825246,3432930.9183520954,131410.55233375044,4732599.345446278,2365878.023611508,200211.0811410454,364045.05342272506,674410.0792040213,0.0,932558.7003344272,472402.40386632836,41010.68541417916,0.0,0.0
204,2037.0,10.0,747.1744,1419.7813999999998,0.0,2041.0896,1024.1253,84.599,5316.7697,1749268.7409182868,3343843.4159744936,109803.94910923176,4547244.5974742705,2353830.772378111,197817.84966681697,389673.20182253356,740457.3336908749,0.0,1064487.647915499,534111.1589455723,44120.84140059471,0.0,0.0
205,2037.0,11.0,719.3430000000001,1391.451,0.0,1997.7176,993.135,81.966,5183.6126,1749268.7409182868,3343843.4159744936,109803.94910923176,4547244.5974742705,2353830.772378111,197817.84966681697,375158.3164768852,725682.2053180169,0.0,1041867.8872418907,517948.81528599194,42747.65524700229,0.0,0.0
206,2037.0,12.0,718.2402907934878,1372.7529191646818,0.0,1919.8127042483359,951.5792512523075,79.01597948026841,5040.9825,1749268.7409182868,3343843.4159744936,109803.94910923176,4547244.5974742705,2353830.772378111,197817.84966681697,374583.2215229081,715930.6118118222,0.0,1001238.2160898789,496276.2825163386,41209.13366306421,0.0,0.0
207,2037.0,1.0,719.0170999999999,1373.3589000000002,0.0,1871.3216,934.3803,79.1058,4977.1837000000005,1749268.7409182868,3343843.4159744936,109803.94910923176,4547244.5974742705,2353830.772378111,197817.84966681697,374988.35013907426,716246.6484591451,0.0,975948.6935201024,487306.5287313102,41255.97767901707,0.0,0.0
208,2037.0,2.0,668.9036226745765,1257.3291290886882,53.46029105358637,1678.1164762967396,864.3402236679434,73.2212572184659,4595.370999999999,1749268.7409182868,3343843.4159744936,109803.94910923176,4547244.5974742705,2353830.772378111,197817.84966681697,348852.71277802624,655733.7449954478,27881.098154882642,875186.5967968098,450778.589872314,38187.017303846194,105.0,20475.0
209,2037.0,3.0,754.3974,1478.4086000000002,67.1634,1947.47,1034.4018,88.0369,5369.8781,1749268.7409182868,3343843.4159744936,109803.94910923176,4547244.5974742705,2353830.772378111,197817.84966681697,393440.2066031633,771033.1252836946,35027.66840417385,1015662.3010013852,539470.6528716616,45913.806336954534,135.0,26325.0
210,2037.0,4.0,733.2708087834508,1456.7659207674612,321.8440689736713,2026.9775903415782,1063.2288172726148,86.6011938612237,5688.6884,1749268.7409182868,3343843.4159744936,109803.94910923176,4547244.5974742705,2353830.772378111,197817.84966681697,382422.0742327976,759745.8379883035,167851.05170166807,1057127.8240407147,554504.7816100301,45165.04378838057,75.0,14625.0
211,2037.0,5.0,776.857629940737,1552.5904467069874,218.11094265247075,2194.0442389248633,1209.5467952306396,96.74444654430191,6047.894499999999,1749268.7409182868,3343843.4159744936,109803.94910923176,4547244.5974742705,2353830.772378111,197817.84966681697,405153.8703939427,809721.1179711048,113751.2063795538,1144257.9450288115,630813.8668183862,50455.045359513206,795.0,155025.0
212,2037.0,6.0,732.247738139759,1433.45653799157,0.0,1992.80334900054,1055.2856546992482,86.99644576914835,5300.7438999999995,1749268.7409182868,3343843.4159744936,109803.94910923176,4547244.5974742705,2353830.772378111,197817.84966681697,381888.51310782065,747589.3162729067,0.0,1039304.962278831,550362.1910815529,45371.17916519147,30.0,5850.000000000001
213,2037.0,7.0,737.945949031782,1401.3594764603624,0.0,1881.2693553543095,968.3439759310504,82.55913291794282,5071.422700000001,1749268.7409182868,3343843.4159744936,109803.94910923176,4547244.5974742705,2353830.772378111,197817.84966681697,384860.2959779975,730849.7642540467,0.0,981136.737542838,505019.57450176927,43056.991331377125,0.0,0.0
214,2037.0,8.0,734.8209,1373.1047,0.0,1864.5414999999998,956.3654999999999,83.43339999999999,5012.266,1749268.7409182868,3343843.4159744936,109803.94910923176,4547244.5974742705,2353830.772378111,197817.84966681697,383230.4919294823,716114.075758711,0.0,972412.6739834627,498772.45057861746,43512.94706689652,0.0,0.0
215,2037.0,9.0,704.6099999999999,1305.435,0.0,1817.3280000000002,919.7310000000001,79.56,4826.663999999999,1749268.7409182868,3343843.4159744936,109803.94910923176,4547244.5974742705,2353830.772378111,197817.84966681697,367474.62806029664,680822.3571648052,0.0,947789.4592236315,479666.49230145017,41492.85620198011,0.0,0.0
216,2038.0,10.0,741.6924483356744,1409.4881778365122,17.439722520922047,2038.3233275156306,1022.6202965034312,84.17332728782925,5313.737300000001,1708977.6960228859,3285512.6659346228,129065.54936423122,4539223.460799768,2339601.199579427,195741.9640059433,397300.3246203773,755016.6000201618,9341.88750930332,1091862.9703193868,547784.1613136157,45088.89140084198,0.0,0.0
217,2038.0,11.0,713.0471735078676,1379.4332316615448,439.8008538826609,1839.21737681257,990.3165673066411,81.44019682871615,5443.255400000001,1708977.6960228859,3285512.6659346228,129065.54936423122,4539223.460799768,2339601.199579427,195741.9640059433,381955.9901681855,738917.150850149,235586.89643934433,985208.4411736703,530480.1128159764,43624.84303271834,0.0,0.0
218,2038.0,12.0,718.6761,1373.7649999999999,87.6348,1915.8385,958.0209,79.2701,5133.205399999999,1708977.6960228859,3285512.6659346228,129065.54936423122,4539223.460799768,2339601.199579427,195741.9640059433,384971.2215186014,735880.8650092878,46943.08883172591,1026251.8644732517,513180.3828085418,42462.39331863364,135.0,26325.0
219,2038.0,1.0,747.0070000000001,1407.5240000000001,0.0,1912.0457999999999,940.2051999999999,79.61110000000001,5086.393099999999,1708977.6960228859,3285512.6659346228,129065.54936423122,4539223.460799768,2339601.199579427,195741.9640059433,400147.1556838274,753964.4543581565,0.0,1024220.2394451568,503637.09649192577,42645.05583730909,0.0,0.0
220,2038.0,2.0,695.2343999999999,1289.1676,0.0,1766.7364,870.1139999999999,73.72120000000001,4694.9736,1708977.6960228859,3285512.6659346228,129065.54936423122,4539223.460799768,2339601.199579427,195741.9640059433,372414.2714774457,690564.8117617989,0.0,946382.7585324966,466091.5389289227,39490.02953599977,0.0,0.0
221,2038.0,3.0,783.7637,1515.1901,0.0,2109.2574999999997,1040.8219,88.5918,5537.625,1708977.6960228859,3285512.6659346228,129065.54936423122,4539223.460799768,2339601.199579427,195741.9640059433,419836.5146286883,811637.6537773996,0.0,1129860.0806013604,557534.1634796421,47455.722351879565,0.0,0.0
222,2038.0,4.0,766.6065123354514,1502.0854631891143,296.04355304185657,1880.6368345480282,1076.1392261553501,87.67531073019937,5609.1869,1708977.6960228859,3285512.6659346228,129065.54936423122,4539223.460799768,2339601.199579427,195741.9640059433,410645.9717776805,804617.9295363342,158580.82415323172,1007395.486546485,576452.4970527162,46964.78910155464,210.0,40950.0
223,2038.0,5.0,811.0173831424944,1598.6436402600752,104.17800359869496,2130.001659644681,1222.1994537772155,97.78065957683927,5963.8208,1708977.6960228859,3285512.6659346228,129065.54936423122,4539223.460799768,2339601.199579427,195741.9640059433,434435.4190450825,856340.9788691523,55804.740551075585,1140972.0467260021,654692.171702916,52377.89312625026,285.0,55575.0
224,2038.0,6.0,760.4975214393219,1468.6319418456935,0.0,2047.9120333393073,1061.4703251503793,87.5130443467405,5425.932,1708977.6960228859,3285512.6659346228,129065.54936423122,4539223.460799768,2339601.199579427,195741.9640059433,407373.5856672631,786697.9750872086,0.0,1096999.3256173066,568594.8477748022,46877.8683206193,0.0,0.0
225,2038.0,7.0,766.116925616918,1435.1611562990988,0.0,1938.6130553344015,973.6166654182811,83.01956850051539,5196.389199999999,1708977.6960228859,3285512.6659346228,129065.54936423122,4539223.460799768,2339601.199579427,195741.9640059433,410383.71622601675,768768.7727705325,0.0,1038451.4469925916,521534.5229609599,44470.86065000717,0.0,0.0
226,2038.0,8.0,763.4245999999999,1407.2636,0.0,1922.3193,962.3144,83.9635,5139.2854,1708977.6960228859,3285512.6659346228,129065.54936423122,4539223.460799768,2339601.199579427,195741.9640059433,408941.525673874,753824.9666166225,0.0,1029723.4165290634,515480.2699755007,44976.493802948346,0.0,0.0
227,2038.0,9.0,732.039,1337.913,0.0,1873.6440000000002,925.455,80.06400000000001,4949.115000000001,1708977.6960228859,3285512.6659346228,129065.54936423122,4539223.460799768,2339601.199579427,195741.9640059433,392129.2888816749,716676.1241894875,0.0,1003649.6543728092,495735.8980081532,42887.65951680501,0.0,0.0
228,2039.0,10.0,770.7747,1444.9471999999998,0.0,2103.8088000000002,1029.2403000000002,84.7292,5433.5002,1772761.6925261803,3373355.9578433796,186177.2177680115,4604615.409377978,2372441.2587293205,198336.96276689554,426927.91341748065,800348.3937581644,0.0,1165288.249878121,570090.6032387698,46931.04296434795,0.0,0.0
229,2039.0,11.0,742.0649999999999,1416.117,4.6382,2068.377,998.097,82.09500000000001,5311.3892,1772761.6925261803,3373355.9578433796,186177.2177680115,4604615.409377978,2372441.2587293205,198336.96276689554,411025.76676445495,784379.5028106428,2569.0737488048826,1145662.7686024313,552840.4987842065,45471.97391404788,0.0,0.0
230,2039.0,12.0,746.6536,1407.9424999999999,0.0,1999.6488000000002,963.9852999999999,79.7754,5198.0055999999995,1772761.6925261803,3373355.9578433796,186177.2177680115,4604615.409377978,2372441.2587293205,198336.96276689554,413567.3673430773,779851.6917288427,0.0,1107594.5924947578,533946.213717347,44187.16009236537,0.0,0.0
231,2039.0,1.0,740.0041,1400.5707,318.605,1880.2582,940.2702999999999,78.96010000000001,5358.6684,1772761.6925261803,3373355.9578433796,186177.2177680115,4604615.409377978,2372441.2587293205,198336.96276689554,409884.2454654787,775768.4918104607,176473.57633089984,1041464.7886238456,520810.60422381334,43735.56985748964,165.0,32175.000000000004
232,2039.0,2.0,688.1105416751618,1281.6454637919974,11.02167893185615,1755.54389100891,869.3630997122843,73.05192487979028,4678.7366,1772761.6925261803,3373355.9578433796,186177.2177680115,4604615.409377978,2372441.2587293205,198336.96276689554,381140.685803451,709896.4504124185,6104.8480038781145,972386.2113030421,481535.49171024776,40463.06379809742,225.0,43875.0
233,2039.0,3.0,776.4136,1507.7035999999998,0.0,2099.786,1040.8932,87.87880000000001,5512.675200000001,1772761.6925261803,3373355.9578433796,186177.2177680115,4604615.409377978,2372441.2587293205,198336.96276689554,430051.26945260976,835108.8223316408,0.0,1163060.0428416214,576545.0811585336,48675.58927094014,0.0,0.0
234,2039.0,4.0,758.7753904929426,1493.4558416042807,790.2016985884195,1998.9946098296602,1075.3800912574106,86.89936822728642,6203.706999999999,1772761.6925261803,3373355.9578433796,186177.2177680115,4604615.409377978,2372441.2587293205,198336.96276689554,420281.5611561797,827217.066462175,437688.4222553009,1107232.2401181145,595647.182621882,48133.087340013495,441.67512464591414,86126.64930595327
235,2039.0,5.0,798.4090923982446,1581.2285636004535,228.1370943993886,2313.3570358720067,1215.5953644617612,96.44694926814546,6233.1741,1772761.6925261803,3373355.9578433796,186177.2177680115,4604615.409377978,2372441.2587293205,198336.96276689554,442234.45303942525,875833.8997038456,126363.89555217339,1281355.8778129118,673311.6596972131,53421.44054096606,735.0,143325.00000000003
236,2039.0,6.0,754.2420000000001,1463.0490000000002,0.0,2055.0209999999997,1062.732,86.91000000000001,5421.953999999999,1772761.6925261803,3373355.9578433796,186177.2177680115,4604615.409377978,2372441.2587293205,198336.96276689554,417770.54082318407,810374.8823067645,0.0,1138264.9528573062,588641.4736783473,48138.97622108412,615.0,119925.0
237,2039.0,7.0,759.1234740866771,1428.442731621606,0.0,1935.1425915234088,973.9588735457386,82.36718237837981,5178.867700000001,1772761.6925261803,3373355.9578433796,186177.2177680115,4604615.409377978,2372441.2587293205,198336.96276689554,420474.36276522046,791206.6585054991,0.0,1071864.954524824,539470.5218494094,45622.73425279627,0.0,0.0
238,2039.0,8.0,755.244231625629,1398.364628783133,0.0,1911.486006894509,961.0183177988722,83.16788907093262,5109.127700000001,1772761.6925261803,3373355.9578433796,186177.2177680115,4604615.409377978,2372441.2587293205,198336.96276689554,418325.67146861233,774546.5609641739,0.0,1058761.700987571,532302.8184161335,46066.241334062666,0.0,0.0
239,2039.0,9.0,723.4206033832005,1327.9625309716785,0.0,1861.0768856019408,923.1777849309948,79.21826132553014,4914.5929,1772761.6925261803,3373355.9578433796,186177.2177680115,4604615.409377978,2372441.2587293205,198336.96276689554,400698.7369014637,735551.2219645185,0.0,1030840.3629225764,511343.15310811484,43878.56401133727,0.0,0.0
